"PSPath","PSParentPath","PSChildName","PSDrive","PSProvider","PSIsContainer","Mode","BaseName","Target","LinkType","Name","FullName","Parent","Exists","Root","Extension","CreationTime","CreationTimeUtc","LastAccessTime","LastAccessTimeUtc","LastWriteTime","LastWriteTimeUtc","Attributes"
"Microsoft.PowerShell.Core\FileSystem::C:\Users\pavel\Techin kontrolinis\WorkSite-Work-and-Construction-Time-Management-System\.mvn","Microsoft.PowerShell.Core\FileSystem::C:\Users\pavel\Techin kontrolinis\WorkSite-Work-and-Construction-Time-Management-System",".mvn","C","Microsoft.PowerShell.Core\FileSystem","True","d-----",".mvn","System.Collections.Generic.List`1[System.String]",,".mvn","C:\Users\pavel\Techin kontrolinis\WorkSite-Work-and-Construction-Time-Management-System\.mvn","WorkSite-Work-and-Construction-Time-Management-System","True","C:\",".mvn","4/28/2026 4:33:12 PM","4/28/2026 1:33:12 PM","5/3/2026 5:12:12 PM","5/3/2026 2:12:12 PM","4/28/2026 4:33:12 PM","4/28/2026 1:33:12 PM","Directory"
"Microsoft.PowerShell.Core\FileSystem::C:\Users\pavel\Techin kontrolinis\WorkSite-Work-and-Construction-Time-Management-System\data","Microsoft.PowerShell.Core\FileSystem::C:\Users\pavel\Techin kontrolinis\WorkSite-Work-and-Construction-Time-Management-System","data","C","Microsoft.PowerShell.Core\FileSystem","True","d-----","data","System.Collections.Generic.List`1[System.String]",,"data","C:\Users\pavel\Techin kontrolinis\WorkSite-Work-and-Construction-Time-Management-System\data","WorkSite-Work-and-Construction-Time-Management-System","True","C:\","","5/2/2026 3:41:17 PM","5/2/2026 12:41:17 PM","5/3/2026 5:12:12 PM","5/3/2026 2:12:12 PM","5/2/2026 3:43:25 PM","5/2/2026 12:43:25 PM","Directory"
"Microsoft.PowerShell.Core\FileSystem::C:\Users\pavel\Techin kontrolinis\WorkSite-Work-and-Construction-Time-Management-System\src","Microsoft.PowerShell.Core\FileSystem::C:\Users\pavel\Techin kontrolinis\WorkSite-Work-and-Construction-Time-Management-System","src","C","Microsoft.PowerShell.Core\FileSystem","True","d-----","src","System.Collections.Generic.List`1[System.String]",,"src","C:\Users\pavel\Techin kontrolinis\WorkSite-Work-and-Construction-Time-Management-System\src","WorkSite-Work-and-Construction-Time-Management-System","True","C:\","","4/28/2026 4:33:12 PM","4/28/2026 1:33:12 PM","5/3/2026 5:12:09 PM","5/3/2026 2:12:09 PM","4/28/2026 4:33:12 PM","4/28/2026 1:33:12 PM","Directory"
"Microsoft.PowerShell.Core\FileSystem::C:\Users\pavel\Techin kontrolinis\WorkSite-Work-and-Construction-Time-Management-System\target","Microsoft.PowerShell.Core\FileSystem::C:\Users\pavel\Techin kontrolinis\WorkSite-Work-and-Construction-Time-Management-System","target","C","Microsoft.PowerShell.Core\FileSystem","True","d-----","target","System.Collections.Generic.List`1[System.String]",,"target","C:\Users\pavel\Techin kontrolinis\WorkSite-Work-and-Construction-Time-Management-System\target","WorkSite-Work-and-Construction-Time-Management-System","True","C:\","","4/28/2026 4:34:27 PM","4/28/2026 1:34:27 PM","5/3/2026 5:12:09 PM","5/3/2026 2:12:09 PM","5/2/2026 3:41:08 PM","5/2/2026 12:41:08 PM","Directory"
"Microsoft.PowerShell.Core\FileSystem::C:\Users\pavel\Techin kontrolinis\WorkSite-Work-and-Construction-Time-Management-System\.gitattributes","Microsoft.PowerShell.Core\FileSystem::C:\Users\pavel\Techin kontrolinis\WorkSite-Work-and-Construction-Time-Management-System",".gitattributes","C","Microsoft.PowerShell.Core\FileSystem","False","-a----","","System.Collections.Generic.List`1[System.String]",,".gitattributes","C:\Users\pavel\Techin kontrolinis\WorkSite-Work-and-Construction-Time-Management-System\.gitattributes",,"True",,".gitattributes","4/28/2026 4:33:12 PM","4/28/2026 1:33:12 PM","5/3/2026 5:12:12 PM","5/3/2026 2:12:12 PM","4/28/2026 4:33:12 PM","4/28/2026 1:33:12 PM","Archive"
"Microsoft.PowerShell.Core\FileSystem::C:\Users\pavel\Techin kontrolinis\WorkSite-Work-and-Construction-Time-Management-System\.gitignore","Microsoft.PowerShell.Core\FileSystem::C:\Users\pavel\Techin kontrolinis\WorkSite-Work-and-Construction-Time-Management-System",".gitignore","C","Microsoft.PowerShell.Core\FileSystem","False","-a----","","System.Collections.Generic.List`1[System.String]",,".gitignore","C:\Users\pavel\Techin kontrolinis\WorkSite-Work-and-Construction-Time-Management-System\.gitignore",,"True",,".gitignore","4/28/2026 4:33:12 PM","4/28/2026 1:33:12 PM","5/3/2026 5:12:12 PM","5/3/2026 2:12:12 PM","4/28/2026 4:33:12 PM","4/28/2026 1:33:12 PM","Archive"
"Microsoft.PowerShell.Core\FileSystem::C:\Users\pavel\Techin kontrolinis\WorkSite-Work-and-Construction-Time-Management-System\HELP.md","Microsoft.PowerShell.Core\FileSystem::C:\Users\pavel\Techin kontrolinis\WorkSite-Work-and-Construction-Time-Management-System","HELP.md","C","Microsoft.PowerShell.Core\FileSystem","False","-a----","HELP","System.Collections.Generic.List`1[System.String]",,"HELP.md","C:\Users\pavel\Techin kontrolinis\WorkSite-Work-and-Construction-Time-Management-System\HELP.md",,"True",,".md","4/28/2026 4:33:12 PM","4/28/2026 1:33:12 PM","4/28/2026 6:35:10 PM","4/28/2026 3:35:10 PM","4/28/2026 4:33:12 PM","4/28/2026 1:33:12 PM","Archive"
"Microsoft.PowerShell.Core\FileSystem::C:\Users\pavel\Techin kontrolinis\WorkSite-Work-and-Construction-Time-Management-System\list.csv","Microsoft.PowerShell.Core\FileSystem::C:\Users\pavel\Techin kontrolinis\WorkSite-Work-and-Construction-Time-Management-System","list.csv","C","Microsoft.PowerShell.Core\FileSystem","False","-a----","list","System.Collections.Generic.List`1[System.String]",,"list.csv","C:\Users\pavel\Techin kontrolinis\WorkSite-Work-and-Construction-Time-Management-System\list.csv",,"True",,".csv","5/3/2026 5:15:38 PM","5/3/2026 2:15:38 PM","5/3/2026 5:15:38 PM","5/3/2026 2:15:38 PM","5/3/2026 5:15:38 PM","5/3/2026 2:15:38 PM","Archive"
"Microsoft.PowerShell.Core\FileSystem::C:\Users\pavel\Techin kontrolinis\WorkSite-Work-and-Construction-Time-Management-System\list.txt","Microsoft.PowerShell.Core\FileSystem::C:\Users\pavel\Techin kontrolinis\WorkSite-Work-and-Construction-Time-Management-System","list.txt","C","Microsoft.PowerShell.Core\FileSystem","False","-a----","list","System.Collections.Generic.List`1[System.String]",,"list.txt","C:\Users\pavel\Techin kontrolinis\WorkSite-Work-and-Construction-Time-Management-System\list.txt",,"True",,".txt","5/3/2026 5:14:46 PM","5/3/2026 2:14:46 PM","5/3/2026 5:15:14 PM","5/3/2026 2:15:14 PM","5/3/2026 5:15:14 PM","5/3/2026 2:15:14 PM","Archive"
"Microsoft.PowerShell.Core\FileSystem::C:\Users\pavel\Techin kontrolinis\WorkSite-Work-and-Construction-Time-Management-System\mvnw","Microsoft.PowerShell.Core\FileSystem::C:\Users\pavel\Techin kontrolinis\WorkSite-Work-and-Construction-Time-Management-System","mvnw","C","Microsoft.PowerShell.Core\FileSystem","False","-a----","mvnw","System.Collections.Generic.List`1[System.String]",,"mvnw","C:\Users\pavel\Techin kontrolinis\WorkSite-Work-and-Construction-Time-Management-System\mvnw",,"True",,"","4/28/2026 4:33:12 PM","4/28/2026 1:33:12 PM","5/3/2026 5:12:14 PM","5/3/2026 2:12:14 PM","4/28/2026 4:33:12 PM","4/28/2026 1:33:12 PM","Archive"
"Microsoft.PowerShell.Core\FileSystem::C:\Users\pavel\Techin kontrolinis\WorkSite-Work-and-Construction-Time-Management-System\mvnw.cmd","Microsoft.PowerShell.Core\FileSystem::C:\Users\pavel\Techin kontrolinis\WorkSite-Work-and-Construction-Time-Management-System","mvnw.cmd","C","Microsoft.PowerShell.Core\FileSystem","False","-a----","mvnw","System.Collections.Generic.List`1[System.String]",,"mvnw.cmd","C:\Users\pavel\Techin kontrolinis\WorkSite-Work-and-Construction-Time-Management-System\mvnw.cmd",,"True",,".cmd","4/28/2026 4:33:12 PM","4/28/2026 1:33:12 PM","5/2/2026 3:24:59 PM","5/2/2026 12:24:59 PM","4/28/2026 4:33:12 PM","4/28/2026 1:33:12 PM","Archive"
"Microsoft.PowerShell.Core\FileSystem::C:\Users\pavel\Techin kontrolinis\WorkSite-Work-and-Construction-Time-Management-System\pom.xml","Microsoft.PowerShell.Core\FileSystem::C:\Users\pavel\Techin kontrolinis\WorkSite-Work-and-Construction-Time-Management-System","pom.xml","C","Microsoft.PowerShell.Core\FileSystem","False","-a----","pom","System.Collections.Generic.List`1[System.String]",,"pom.xml","C:\Users\pavel\Techin kontrolinis\WorkSite-Work-and-Construction-Time-Management-System\pom.xml",,"True",,".xml","4/28/2026 4:33:12 PM","4/28/2026 1:33:12 PM","5/2/2026 5:39:12 PM","5/2/2026 2:39:12 PM","5/2/2026 3:39:56 PM","5/2/2026 12:39:56 PM","Archive"
"Microsoft.PowerShell.Core\FileSystem::C:\Users\pavel\Techin kontrolinis\WorkSite-Work-and-Construction-Time-Management-System\README.md","Microsoft.PowerShell.Core\FileSystem::C:\Users\pavel\Techin kontrolinis\WorkSite-Work-and-Construction-Time-Management-System","README.md","C","Microsoft.PowerShell.Core\FileSystem","False","-a----","README","System.Collections.Generic.List`1[System.String]",,"README.md","C:\Users\pavel\Techin kontrolinis\WorkSite-Work-and-Construction-Time-Management-System\README.md",,"True",,".md","4/28/2026 4:33:12 PM","4/28/2026 1:33:12 PM","4/28/2026 10:23:51 PM","4/28/2026 7:23:51 PM","4/28/2026 5:13:47 PM","4/28/2026 2:13:47 PM","Archive"
"Microsoft.PowerShell.Core\FileSystem::C:\Users\pavel\Techin kontrolinis\WorkSite-Work-and-Construction-Time-Management-System\.mvn\wrapper","Microsoft.PowerShell.Core\FileSystem::C:\Users\pavel\Techin kontrolinis\WorkSite-Work-and-Construction-Time-Management-System\.mvn","wrapper","C","Microsoft.PowerShell.Core\FileSystem","True","d-----","wrapper","System.Collections.Generic.List`1[System.String]",,"wrapper","C:\Users\pavel\Techin kontrolinis\WorkSite-Work-and-Construction-Time-Management-System\.mvn\wrapper",".mvn","True","C:\","","4/28/2026 4:33:12 PM","4/28/2026 1:33:12 PM","5/3/2026 5:12:12 PM","5/3/2026 2:12:12 PM","4/28/2026 4:33:12 PM","4/28/2026 1:33:12 PM","Directory"
"Microsoft.PowerShell.Core\FileSystem::C:\Users\pavel\Techin kontrolinis\WorkSite-Work-and-Construction-Time-Management-System\.mvn\wrapper\maven-wrapper.properties","Microsoft.PowerShell.Core\FileSystem::C:\Users\pavel\Techin kontrolinis\WorkSite-Work-and-Construction-Time-Management-System\.mvn\wrapper","maven-wrapper.properties","C","Microsoft.PowerShell.Core\FileSystem","False","-a----","maven-wrapper","System.Collections.Generic.List`1[System.String]",,"maven-wrapper.properties","C:\Users\pavel\Techin kontrolinis\WorkSite-Work-and-Construction-Time-Management-System\.mvn\wrapper\maven-wrapper.properties",,"True",,".properties","4/28/2026 4:33:12 PM","4/28/2026 1:33:12 PM","5/3/2026 5:12:16 PM","5/3/2026 2:12:16 PM","4/28/2026 4:33:12 PM","4/28/2026 1:33:12 PM","Archive"
"Microsoft.PowerShell.Core\FileSystem::C:\Users\pavel\Techin kontrolinis\WorkSite-Work-and-Construction-Time-Management-System\data\worksite-db.mv.db","Microsoft.PowerShell.Core\FileSystem::C:\Users\pavel\Techin kontrolinis\WorkSite-Work-and-Construction-Time-Management-System\data","worksite-db.mv.db","C","Microsoft.PowerShell.Core\FileSystem","False","-a----","worksite-db.mv","System.Collections.Generic.List`1[System.String]",,"worksite-db.mv.db","C:\Users\pavel\Techin kontrolinis\WorkSite-Work-and-Construction-Time-Management-System\data\worksite-db.mv.db",,"True",,".db","5/2/2026 3:41:17 PM","5/2/2026 12:41:17 PM","5/2/2026 5:39:12 PM","5/2/2026 2:39:12 PM","5/2/2026 4:00:19 PM","5/2/2026 1:00:19 PM","Archive"
"Microsoft.PowerShell.Core\FileSystem::C:\Users\pavel\Techin kontrolinis\WorkSite-Work-and-Construction-Time-Management-System\data\worksite-db.trace.db","Microsoft.PowerShell.Core\FileSystem::C:\Users\pavel\Techin kontrolinis\WorkSite-Work-and-Construction-Time-Management-System\data","worksite-db.trace.db","C","Microsoft.PowerShell.Core\FileSystem","False","-a----","worksite-db.trace","System.Collections.Generic.List`1[System.String]",,"worksite-db.trace.db","C:\Users\pavel\Techin kontrolinis\WorkSite-Work-and-Construction-Time-Management-System\data\worksite-db.trace.db",,"True",,".db","5/2/2026 3:43:25 PM","5/2/2026 12:43:25 PM","5/2/2026 5:39:12 PM","5/2/2026 2:39:12 PM","5/2/2026 3:47:23 PM","5/2/2026 12:47:23 PM","Archive"
"Microsoft.PowerShell.Core\FileSystem::C:\Users\pavel\Techin kontrolinis\WorkSite-Work-and-Construction-Time-Management-System\src\main","Microsoft.PowerShell.Core\FileSystem::C:\Users\pavel\Techin kontrolinis\WorkSite-Work-and-Construction-Time-Management-System\src","main","C","Microsoft.PowerShell.Core\FileSystem","True","d-----","main","System.Collections.Generic.List`1[System.String]",,"main","C:\Users\pavel\Techin kontrolinis\WorkSite-Work-and-Construction-Time-Management-System\src\main","src","True","C:\","","4/28/2026 4:33:12 PM","4/28/2026 1:33:12 PM","5/3/2026 5:12:09 PM","5/3/2026 2:12:09 PM","4/28/2026 4:33:12 PM","4/28/2026 1:33:12 PM","Directory"
"Microsoft.PowerShell.Core\FileSystem::C:\Users\pavel\Techin kontrolinis\WorkSite-Work-and-Construction-Time-Management-System\src\test","Microsoft.PowerShell.Core\FileSystem::C:\Users\pavel\Techin kontrolinis\WorkSite-Work-and-Construction-Time-Management-System\src","test","C","Microsoft.PowerShell.Core\FileSystem","True","d-----","test","System.Collections.Generic.List`1[System.String]",,"test","C:\Users\pavel\Techin kontrolinis\WorkSite-Work-and-Construction-Time-Management-System\src\test","src","True","C:\","","4/28/2026 4:33:12 PM","4/28/2026 1:33:12 PM","5/3/2026 5:12:09 PM","5/3/2026 2:12:09 PM","4/28/2026 4:33:12 PM","4/28/2026 1:33:12 PM","Directory"
"Microsoft.PowerShell.Core\FileSystem::C:\Users\pavel\Techin kontrolinis\WorkSite-Work-and-Construction-Time-Management-System\src\main\java","Microsoft.PowerShell.Core\FileSystem::C:\Users\pavel\Techin kontrolinis\WorkSite-Work-and-Construction-Time-Management-System\src\main","java","C","Microsoft.PowerShell.Core\FileSystem","True","d-----","java","System.Collections.Generic.List`1[System.String]",,"java","C:\Users\pavel\Techin kontrolinis\WorkSite-Work-and-Construction-Time-Management-System\src\main\java","main","True","C:\","","4/28/2026 4:33:12 PM","4/28/2026 1:33:12 PM","5/3/2026 5:12:09 PM","5/3/2026 2:12:09 PM","4/28/2026 4:33:12 PM","4/28/2026 1:33:12 PM","Directory"
"Microsoft.PowerShell.Core\FileSystem::C:\Users\pavel\Techin kontrolinis\WorkSite-Work-and-Construction-Time-Management-System\src\main\resources","Microsoft.PowerShell.Core\FileSystem::C:\Users\pavel\Techin kontrolinis\WorkSite-Work-and-Construction-Time-Management-System\src\main","resources","C","Microsoft.PowerShell.Core\FileSystem","True","d-----","resources","System.Collections.Generic.List`1[System.String]",,"resources","C:\Users\pavel\Techin kontrolinis\WorkSite-Work-and-Construction-Time-Management-System\src\main\resources","main","True","C:\","","4/28/2026 4:33:12 PM","4/28/2026 1:33:12 PM","5/3/2026 5:12:12 PM","5/3/2026 2:12:12 PM","5/2/2026 3:53:03 PM","5/2/2026 12:53:03 PM","Directory"
"Microsoft.PowerShell.Core\FileSystem::C:\Users\pavel\Techin kontrolinis\WorkSite-Work-and-Construction-Time-Management-System\src\main\java\online","Microsoft.PowerShell.Core\FileSystem::C:\Users\pavel\Techin kontrolinis\WorkSite-Work-and-Construction-Time-Management-System\src\main\java","online","C","Microsoft.PowerShell.Core\FileSystem","True","d-----","online","System.Collections.Generic.List`1[System.String]",,"online","C:\Users\pavel\Techin kontrolinis\WorkSite-Work-and-Construction-Time-Management-System\src\main\java\online","java","True","C:\","","4/28/2026 4:33:12 PM","4/28/2026 1:33:12 PM","5/3/2026 5:12:09 PM","5/3/2026 2:12:09 PM","4/28/2026 4:33:12 PM","4/28/2026 1:33:12 PM","Directory"
"Microsoft.PowerShell.Core\FileSystem::C:\Users\pavel\Techin kontrolinis\WorkSite-Work-and-Construction-Time-Management-System\src\main\java\online\nonamelab","Microsoft.PowerShell.Core\FileSystem::C:\Users\pavel\Techin kontrolinis\WorkSite-Work-and-Construction-Time-Management-System\src\main\java\online","nonamelab","C","Microsoft.PowerShell.Core\FileSystem","True","d-----","nonamelab","System.Collections.Generic.List`1[System.String]",,"nonamelab","C:\Users\pavel\Techin kontrolinis\WorkSite-Work-and-Construction-Time-Management-System\src\main\java\online\nonamelab","online","True","C:\","","4/28/2026 4:33:12 PM","4/28/2026 1:33:12 PM","5/3/2026 5:12:09 PM","5/3/2026 2:12:09 PM","4/28/2026 4:33:12 PM","4/28/2026 1:33:12 PM","Directory"
"Microsoft.PowerShell.Core\FileSystem::C:\Users\pavel\Techin kontrolinis\WorkSite-Work-and-Construction-Time-Management-System\src\main\java\online\nonamelab\WorkSite","Microsoft.PowerShell.Core\FileSystem::C:\Users\pavel\Techin kontrolinis\WorkSite-Work-and-Construction-Time-Management-System\src\main\java\online\nonamelab","WorkSite","C","Microsoft.PowerShell.Core\FileSystem","True","d-----","WorkSite","System.Collections.Generic.List`1[System.String]",,"WorkSite","C:\Users\pavel\Techin kontrolinis\WorkSite-Work-and-Construction-Time-Management-System\src\main\java\online\nonamelab\WorkSite","nonamelab","True","C:\","","4/28/2026 4:33:12 PM","4/28/2026 1:33:12 PM","5/3/2026 5:12:09 PM","5/3/2026 2:12:09 PM","4/28/2026 6:54:18 PM","4/28/2026 3:54:18 PM","Directory"
"Microsoft.PowerShell.Core\FileSystem::C:\Users\pavel\Techin kontrolinis\WorkSite-Work-and-Construction-Time-Management-System\src\main\java\online\nonamelab\WorkSite\config","Microsoft.PowerShell.Core\FileSystem::C:\Users\pavel\Techin kontrolinis\WorkSite-Work-and-Construction-Time-Management-System\src\main\java\online\nonamelab\WorkSite","config","C","Microsoft.PowerShell.Core\FileSystem","True","d-----","config","System.Collections.Generic.List`1[System.String]",,"config","C:\Users\pavel\Techin kontrolinis\WorkSite-Work-and-Construction-Time-Management-System\src\main\java\online\nonamelab\WorkSite\config","WorkSite","True","C:\","","4/28/2026 6:54:18 PM","4/28/2026 3:54:18 PM","5/3/2026 5:12:12 PM","5/3/2026 2:12:12 PM","5/2/2026 3:37:17 PM","5/2/2026 12:37:17 PM","Directory"
"Microsoft.PowerShell.Core\FileSystem::C:\Users\pavel\Techin kontrolinis\WorkSite-Work-and-Construction-Time-Management-System\src\main\java\online\nonamelab\WorkSite\controller","Microsoft.PowerShell.Core\FileSystem::C:\Users\pavel\Techin kontrolinis\WorkSite-Work-and-Construction-Time-Management-System\src\main\java\online\nonamelab\WorkSite","controller","C","Microsoft.PowerShell.Core\FileSystem","True","d-----","controller","System.Collections.Generic.List`1[System.String]",,"controller","C:\Users\pavel\Techin kontrolinis\WorkSite-Work-and-Construction-Time-Management-System\src\main\java\online\nonamelab\WorkSite\controller","WorkSite","True","C:\","","4/28/2026 4:57:51 PM","4/28/2026 1:57:51 PM","5/3/2026 5:12:09 PM","5/3/2026 2:12:09 PM","5/3/2026 7:45:45 AM","5/3/2026 4:45:45 AM","Directory"
"Microsoft.PowerShell.Core\FileSystem::C:\Users\pavel\Techin kontrolinis\WorkSite-Work-and-Construction-Time-Management-System\src\main\java\online\nonamelab\WorkSite\dto","Microsoft.PowerShell.Core\FileSystem::C:\Users\pavel\Techin kontrolinis\WorkSite-Work-and-Construction-Time-Management-System\src\main\java\online\nonamelab\WorkSite","dto","C","Microsoft.PowerShell.Core\FileSystem","True","d-----","dto","System.Collections.Generic.List`1[System.String]",,"dto","C:\Users\pavel\Techin kontrolinis\WorkSite-Work-and-Construction-Time-Management-System\src\main\java\online\nonamelab\WorkSite\dto","WorkSite","True","C:\","","4/28/2026 4:33:12 PM","4/28/2026 1:33:12 PM","5/3/2026 5:12:09 PM","5/3/2026 2:12:09 PM","5/3/2026 7:34:21 AM","5/3/2026 4:34:21 AM","Directory"
"Microsoft.PowerShell.Core\FileSystem::C:\Users\pavel\Techin kontrolinis\WorkSite-Work-and-Construction-Time-Management-System\src\main\java\online\nonamelab\WorkSite\exception","Microsoft.PowerShell.Core\FileSystem::C:\Users\pavel\Techin kontrolinis\WorkSite-Work-and-Construction-Time-Management-System\src\main\java\online\nonamelab\WorkSite","exception","C","Microsoft.PowerShell.Core\FileSystem","True","d-----","exception","System.Collections.Generic.List`1[System.String]",,"exception","C:\Users\pavel\Techin kontrolinis\WorkSite-Work-and-Construction-Time-Management-System\src\main\java\online\nonamelab\WorkSite\exception","WorkSite","True","C:\","","4/28/2026 5:21:47 PM","4/28/2026 2:21:47 PM","5/3/2026 5:12:12 PM","5/3/2026 2:12:12 PM","4/30/2026 8:40:39 PM","4/30/2026 5:40:39 PM","Directory"
"Microsoft.PowerShell.Core\FileSystem::C:\Users\pavel\Techin kontrolinis\WorkSite-Work-and-Construction-Time-Management-System\src\main\java\online\nonamelab\WorkSite\model","Microsoft.PowerShell.Core\FileSystem::C:\Users\pavel\Techin kontrolinis\WorkSite-Work-and-Construction-Time-Management-System\src\main\java\online\nonamelab\WorkSite","model","C","Microsoft.PowerShell.Core\FileSystem","True","d-----","model","System.Collections.Generic.List`1[System.String]",,"model","C:\Users\pavel\Techin kontrolinis\WorkSite-Work-and-Construction-Time-Management-System\src\main\java\online\nonamelab\WorkSite\model","WorkSite","True","C:\","","4/28/2026 4:33:12 PM","4/28/2026 1:33:12 PM","5/3/2026 5:12:12 PM","5/3/2026 2:12:12 PM","5/2/2026 5:52:17 PM","5/2/2026 2:52:17 PM","Directory"
"Microsoft.PowerShell.Core\FileSystem::C:\Users\pavel\Techin kontrolinis\WorkSite-Work-and-Construction-Time-Management-System\src\main\java\online\nonamelab\WorkSite\repository","Microsoft.PowerShell.Core\FileSystem::C:\Users\pavel\Techin kontrolinis\WorkSite-Work-and-Construction-Time-Management-System\src\main\java\online\nonamelab\WorkSite","repository","C","Microsoft.PowerShell.Core\FileSystem","True","d-----","repository","System.Collections.Generic.List`1[System.String]",,"repository","C:\Users\pavel\Techin kontrolinis\WorkSite-Work-and-Construction-Time-Management-System\src\main\java\online\nonamelab\WorkSite\repository","WorkSite","True","C:\","","4/28/2026 4:33:12 PM","4/28/2026 1:33:12 PM","5/3/2026 5:12:12 PM","5/3/2026 2:12:12 PM","5/2/2026 6:07:45 PM","5/2/2026 3:07:45 PM","Directory"
"Microsoft.PowerShell.Core\FileSystem::C:\Users\pavel\Techin kontrolinis\WorkSite-Work-and-Construction-Time-Management-System\src\main\java\online\nonamelab\WorkSite\security","Microsoft.PowerShell.Core\FileSystem::C:\Users\pavel\Techin kontrolinis\WorkSite-Work-and-Construction-Time-Management-System\src\main\java\online\nonamelab\WorkSite","security","C","Microsoft.PowerShell.Core\FileSystem","True","d-----","security","System.Collections.Generic.List`1[System.String]",,"security","C:\Users\pavel\Techin kontrolinis\WorkSite-Work-and-Construction-Time-Management-System\src\main\java\online\nonamelab\WorkSite\security","WorkSite","True","C:\","","4/28/2026 4:33:12 PM","4/28/2026 1:33:12 PM","5/3/2026 5:12:12 PM","5/3/2026 2:12:12 PM","4/30/2026 8:33:24 PM","4/30/2026 5:33:24 PM","Directory"
"Microsoft.PowerShell.Core\FileSystem::C:\Users\pavel\Techin kontrolinis\WorkSite-Work-and-Construction-Time-Management-System\src\main\java\online\nonamelab\WorkSite\service","Microsoft.PowerShell.Core\FileSystem::C:\Users\pavel\Techin kontrolinis\WorkSite-Work-and-Construction-Time-Management-System\src\main\java\online\nonamelab\WorkSite","service","C","Microsoft.PowerShell.Core\FileSystem","True","d-----","service","System.Collections.Generic.List`1[System.String]",,"service","C:\Users\pavel\Techin kontrolinis\WorkSite-Work-and-Construction-Time-Management-System\src\main\java\online\nonamelab\WorkSite\service","WorkSite","True","C:\","","4/28/2026 4:48:21 PM","4/28/2026 1:48:21 PM","5/3/2026 5:12:09 PM","5/3/2026 2:12:09 PM","5/3/2026 7:43:13 AM","5/3/2026 4:43:13 AM","Directory"
"Microsoft.PowerShell.Core\FileSystem::C:\Users\pavel\Techin kontrolinis\WorkSite-Work-and-Construction-Time-Management-System\src\main\java\online\nonamelab\WorkSite\WorkSiteApplication.java","Microsoft.PowerShell.Core\FileSystem::C:\Users\pavel\Techin kontrolinis\WorkSite-Work-and-Construction-Time-Management-System\src\main\java\online\nonamelab\WorkSite","WorkSiteApplication.java","C","Microsoft.PowerShell.Core\FileSystem","False","-a----","WorkSiteApplication","System.Collections.Generic.List`1[System.String]",,"WorkSiteApplication.java","C:\Users\pavel\Techin kontrolinis\WorkSite-Work-and-Construction-Time-Management-System\src\main\java\online\nonamelab\WorkSite\WorkSiteApplication.java",,"True",,".java","4/28/2026 4:33:12 PM","4/28/2026 1:33:12 PM","5/2/2026 3:41:07 PM","5/2/2026 12:41:07 PM","4/28/2026 4:33:12 PM","4/28/2026 1:33:12 PM","Archive"
"Microsoft.PowerShell.Core\FileSystem::C:\Users\pavel\Techin kontrolinis\WorkSite-Work-and-Construction-Time-Management-System\src\main\java\online\nonamelab\WorkSite\config\SecurityConfig.java","Microsoft.PowerShell.Core\FileSystem::C:\Users\pavel\Techin kontrolinis\WorkSite-Work-and-Construction-Time-Management-System\src\main\java\online\nonamelab\WorkSite\config","SecurityConfig.java","C","Microsoft.PowerShell.Core\FileSystem","False","-a----","SecurityConfig","System.Collections.Generic.List`1[System.String]",,"SecurityConfig.java","C:\Users\pavel\Techin kontrolinis\WorkSite-Work-and-Construction-Time-Management-System\src\main\java\online\nonamelab\WorkSite\config\SecurityConfig.java",,"True",,".java","4/28/2026 4:33:12 PM","4/28/2026 1:33:12 PM","5/2/2026 5:39:03 PM","5/2/2026 2:39:03 PM","5/2/2026 3:37:17 PM","5/2/2026 12:37:17 PM","Archive"
"Microsoft.PowerShell.Core\FileSystem::C:\Users\pavel\Techin kontrolinis\WorkSite-Work-and-Construction-Time-Management-System\src\main\java\online\nonamelab\WorkSite\controller\AuthController.java","Microsoft.PowerShell.Core\FileSystem::C:\Users\pavel\Techin kontrolinis\WorkSite-Work-and-Construction-Time-Management-System\src\main\java\online\nonamelab\WorkSite\controller","AuthController.java","C","Microsoft.PowerShell.Core\FileSystem","False","-a----","AuthController","System.Collections.Generic.List`1[System.String]",,"AuthController.java","C:\Users\pavel\Techin kontrolinis\WorkSite-Work-and-Construction-Time-Management-System\src\main\java\online\nonamelab\WorkSite\controller\AuthController.java",,"True",,".java","4/28/2026 6:55:41 PM","4/28/2026 3:55:41 PM","5/2/2026 3:41:07 PM","5/2/2026 12:41:07 PM","4/28/2026 7:21:42 PM","4/28/2026 4:21:42 PM","Archive"
"Microsoft.PowerShell.Core\FileSystem::C:\Users\pavel\Techin kontrolinis\WorkSite-Work-and-Construction-Time-Management-System\src\main\java\online\nonamelab\WorkSite\controller\ConstructionSiteController.java","Microsoft.PowerShell.Core\FileSystem::C:\Users\pavel\Techin kontrolinis\WorkSite-Work-and-Construction-Time-Management-System\src\main\java\online\nonamelab\WorkSite\controller","ConstructionSiteController.java","C","Microsoft.PowerShell.Core\FileSystem","False","-a----","ConstructionSiteController","System.Collections.Generic.List`1[System.String]",,"ConstructionSiteController.java","C:\Users\pavel\Techin kontrolinis\WorkSite-Work-and-Construction-Time-Management-System\src\main\java\online\nonamelab\WorkSite\controller\ConstructionSiteController.java",,"True",,".java","4/28/2026 9:57:38 PM","4/28/2026 6:57:38 PM","5/2/2026 5:39:12 PM","5/2/2026 2:39:12 PM","4/30/2026 8:38:28 PM","4/30/2026 5:38:28 PM","Archive"
"Microsoft.PowerShell.Core\FileSystem::C:\Users\pavel\Techin kontrolinis\WorkSite-Work-and-Construction-Time-Management-System\src\main\java\online\nonamelab\WorkSite\controller\TimeEntryController.java","Microsoft.PowerShell.Core\FileSystem::C:\Users\pavel\Techin kontrolinis\WorkSite-Work-and-Construction-Time-Management-System\src\main\java\online\nonamelab\WorkSite\controller","TimeEntryController.java","C","Microsoft.PowerShell.Core\FileSystem","False","-a----","TimeEntryController","System.Collections.Generic.List`1[System.String]",,"TimeEntryController.java","C:\Users\pavel\Techin kontrolinis\WorkSite-Work-and-Construction-Time-Management-System\src\main\java\online\nonamelab\WorkSite\controller\TimeEntryController.java",,"True",,".java","5/3/2026 7:20:40 AM","5/3/2026 4:20:40 AM","5/3/2026 7:45:45 AM","5/3/2026 4:45:45 AM","5/3/2026 7:45:45 AM","5/3/2026 4:45:45 AM","Archive"
"Microsoft.PowerShell.Core\FileSystem::C:\Users\pavel\Techin kontrolinis\WorkSite-Work-and-Construction-Time-Management-System\src\main\java\online\nonamelab\WorkSite\controller\UserController.java","Microsoft.PowerShell.Core\FileSystem::C:\Users\pavel\Techin kontrolinis\WorkSite-Work-and-Construction-Time-Management-System\src\main\java\online\nonamelab\WorkSite\controller","UserController.java","C","Microsoft.PowerShell.Core\FileSystem","False","-a----","UserController","System.Collections.Generic.List`1[System.String]",,"UserController.java","C:\Users\pavel\Techin kontrolinis\WorkSite-Work-and-Construction-Time-Management-System\src\main\java\online\nonamelab\WorkSite\controller\UserController.java",,"True",,".java","4/28/2026 4:57:58 PM","4/28/2026 1:57:58 PM","5/2/2026 3:41:07 PM","5/2/2026 12:41:07 PM","4/30/2026 5:42:39 PM","4/30/2026 2:42:39 PM","Archive"
"Microsoft.PowerShell.Core\FileSystem::C:\Users\pavel\Techin kontrolinis\WorkSite-Work-and-Construction-Time-Management-System\src\main\java\online\nonamelab\WorkSite\dto\AuthResponse.java","Microsoft.PowerShell.Core\FileSystem::C:\Users\pavel\Techin kontrolinis\WorkSite-Work-and-Construction-Time-Management-System\src\main\java\online\nonamelab\WorkSite\dto","AuthResponse.java","C","Microsoft.PowerShell.Core\FileSystem","False","-a----","AuthResponse","System.Collections.Generic.List`1[System.String]",,"AuthResponse.java","C:\Users\pavel\Techin kontrolinis\WorkSite-Work-and-Construction-Time-Management-System\src\main\java\online\nonamelab\WorkSite\dto\AuthResponse.java",,"True",,".java","4/28/2026 6:56:12 PM","4/28/2026 3:56:12 PM","5/2/2026 3:41:07 PM","5/2/2026 12:41:07 PM","4/28/2026 6:59:23 PM","4/28/2026 3:59:23 PM","Archive"
"Microsoft.PowerShell.Core\FileSystem::C:\Users\pavel\Techin kontrolinis\WorkSite-Work-and-Construction-Time-Management-System\src\main\java\online\nonamelab\WorkSite\dto\CreateSiteRequest.java","Microsoft.PowerShell.Core\FileSystem::C:\Users\pavel\Techin kontrolinis\WorkSite-Work-and-Construction-Time-Management-System\src\main\java\online\nonamelab\WorkSite\dto","CreateSiteRequest.java","C","Microsoft.PowerShell.Core\FileSystem","False","-a----","CreateSiteRequest","System.Collections.Generic.List`1[System.String]",,"CreateSiteRequest.java","C:\Users\pavel\Techin kontrolinis\WorkSite-Work-and-Construction-Time-Management-System\src\main\java\online\nonamelab\WorkSite\dto\CreateSiteRequest.java",,"True",,".java","4/28/2026 6:36:37 PM","4/28/2026 3:36:37 PM","5/2/2026 3:41:07 PM","5/2/2026 12:41:07 PM","4/28/2026 6:38:25 PM","4/28/2026 3:38:25 PM","Archive"
"Microsoft.PowerShell.Core\FileSystem::C:\Users\pavel\Techin kontrolinis\WorkSite-Work-and-Construction-Time-Management-System\src\main\java\online\nonamelab\WorkSite\dto\CreateTimeEntryProjectRequest.java","Microsoft.PowerShell.Core\FileSystem::C:\Users\pavel\Techin kontrolinis\WorkSite-Work-and-Construction-Time-Management-System\src\main\java\online\nonamelab\WorkSite\dto","CreateTimeEntryProjectRequest.java","C","Microsoft.PowerShell.Core\FileSystem","False","-a----","CreateTimeEntryProjectRequest","System.Collections.Generic.List`1[System.String]",,"CreateTimeEntryProjectRequest.java","C:\Users\pavel\Techin kontrolinis\WorkSite-Work-and-Construction-Time-Management-System\src\main\java\online\nonamelab\WorkSite\dto\CreateTimeEntryProjectRequest.java",,"True",,".java","5/2/2026 5:43:10 PM","5/2/2026 2:43:10 PM","5/2/2026 5:43:26 PM","5/2/2026 2:43:26 PM","5/2/2026 5:43:26 PM","5/2/2026 2:43:26 PM","Archive"
"Microsoft.PowerShell.Core\FileSystem::C:\Users\pavel\Techin kontrolinis\WorkSite-Work-and-Construction-Time-Management-System\src\main\java\online\nonamelab\WorkSite\dto\CreateTimeEntryRequest.java","Microsoft.PowerShell.Core\FileSystem::C:\Users\pavel\Techin kontrolinis\WorkSite-Work-and-Construction-Time-Management-System\src\main\java\online\nonamelab\WorkSite\dto","CreateTimeEntryRequest.java","C","Microsoft.PowerShell.Core\FileSystem","False","-a----","CreateTimeEntryRequest","System.Collections.Generic.List`1[System.String]",,"CreateTimeEntryRequest.java","C:\Users\pavel\Techin kontrolinis\WorkSite-Work-and-Construction-Time-Management-System\src\main\java\online\nonamelab\WorkSite\dto\CreateTimeEntryRequest.java",,"True",,".java","4/29/2026 4:31:52 PM","4/29/2026 1:31:52 PM","5/3/2026 7:34:21 AM","5/3/2026 4:34:21 AM","5/3/2026 7:34:21 AM","5/3/2026 4:34:21 AM","Archive"
"Microsoft.PowerShell.Core\FileSystem::C:\Users\pavel\Techin kontrolinis\WorkSite-Work-and-Construction-Time-Management-System\src\main\java\online\nonamelab\WorkSite\dto\CreateUserRequest.java","Microsoft.PowerShell.Core\FileSystem::C:\Users\pavel\Techin kontrolinis\WorkSite-Work-and-Construction-Time-Management-System\src\main\java\online\nonamelab\WorkSite\dto","CreateUserRequest.java","C","Microsoft.PowerShell.Core\FileSystem","False","-a----","CreateUserRequest","System.Collections.Generic.List`1[System.String]",,"CreateUserRequest.java","C:\Users\pavel\Techin kontrolinis\WorkSite-Work-and-Construction-Time-Management-System\src\main\java\online\nonamelab\WorkSite\dto\CreateUserRequest.java",,"True",,".java","4/28/2026 4:33:12 PM","4/28/2026 1:33:12 PM","5/2/2026 3:41:07 PM","5/2/2026 12:41:07 PM","4/30/2026 8:25:39 PM","4/30/2026 5:25:39 PM","Archive"
"Microsoft.PowerShell.Core\FileSystem::C:\Users\pavel\Techin kontrolinis\WorkSite-Work-and-Construction-Time-Management-System\src\main\java\online\nonamelab\WorkSite\dto\LoginRequest.java","Microsoft.PowerShell.Core\FileSystem::C:\Users\pavel\Techin kontrolinis\WorkSite-Work-and-Construction-Time-Management-System\src\main\java\online\nonamelab\WorkSite\dto","LoginRequest.java","C","Microsoft.PowerShell.Core\FileSystem","False","-a----","LoginRequest","System.Collections.Generic.List`1[System.String]",,"LoginRequest.java","C:\Users\pavel\Techin kontrolinis\WorkSite-Work-and-Construction-Time-Management-System\src\main\java\online\nonamelab\WorkSite\dto\LoginRequest.java",,"True",,".java","4/28/2026 6:55:49 PM","4/28/2026 3:55:49 PM","5/2/2026 3:41:07 PM","5/2/2026 12:41:07 PM","4/28/2026 6:57:19 PM","4/28/2026 3:57:19 PM","Archive"
"Microsoft.PowerShell.Core\FileSystem::C:\Users\pavel\Techin kontrolinis\WorkSite-Work-and-Construction-Time-Management-System\src\main\java\online\nonamelab\WorkSite\dto\SiteMapper.java","Microsoft.PowerShell.Core\FileSystem::C:\Users\pavel\Techin kontrolinis\WorkSite-Work-and-Construction-Time-Management-System\src\main\java\online\nonamelab\WorkSite\dto","SiteMapper.java","C","Microsoft.PowerShell.Core\FileSystem","False","-a----","SiteMapper","System.Collections.Generic.List`1[System.String]",,"SiteMapper.java","C:\Users\pavel\Techin kontrolinis\WorkSite-Work-and-Construction-Time-Management-System\src\main\java\online\nonamelab\WorkSite\dto\SiteMapper.java",,"True",,".java","4/28/2026 6:41:17 PM","4/28/2026 3:41:17 PM","5/2/2026 3:41:07 PM","5/2/2026 12:41:07 PM","4/28/2026 10:16:05 PM","4/28/2026 7:16:05 PM","Archive"
"Microsoft.PowerShell.Core\FileSystem::C:\Users\pavel\Techin kontrolinis\WorkSite-Work-and-Construction-Time-Management-System\src\main\java\online\nonamelab\WorkSite\dto\SiteResponse.java","Microsoft.PowerShell.Core\FileSystem::C:\Users\pavel\Techin kontrolinis\WorkSite-Work-and-Construction-Time-Management-System\src\main\java\online\nonamelab\WorkSite\dto","SiteResponse.java","C","Microsoft.PowerShell.Core\FileSystem","False","-a----","SiteResponse","System.Collections.Generic.List`1[System.String]",,"SiteResponse.java","C:\Users\pavel\Techin kontrolinis\WorkSite-Work-and-Construction-Time-Management-System\src\main\java\online\nonamelab\WorkSite\dto\SiteResponse.java",,"True",,".java","4/28/2026 6:39:55 PM","4/28/2026 3:39:55 PM","5/2/2026 3:41:07 PM","5/2/2026 12:41:07 PM","4/28/2026 6:41:40 PM","4/28/2026 3:41:40 PM","Archive"
"Microsoft.PowerShell.Core\FileSystem::C:\Users\pavel\Techin kontrolinis\WorkSite-Work-and-Construction-Time-Management-System\src\main\java\online\nonamelab\WorkSite\dto\TimeEntryMapper.java","Microsoft.PowerShell.Core\FileSystem::C:\Users\pavel\Techin kontrolinis\WorkSite-Work-and-Construction-Time-Management-System\src\main\java\online\nonamelab\WorkSite\dto","TimeEntryMapper.java","C","Microsoft.PowerShell.Core\FileSystem","False","-a----","TimeEntryMapper","System.Collections.Generic.List`1[System.String]",,"TimeEntryMapper.java","C:\Users\pavel\Techin kontrolinis\WorkSite-Work-and-Construction-Time-Management-System\src\main\java\online\nonamelab\WorkSite\dto\TimeEntryMapper.java",,"True",,".java","4/29/2026 4:34:56 PM","4/29/2026 1:34:56 PM","5/2/2026 5:44:17 PM","5/2/2026 2:44:17 PM","5/2/2026 5:44:17 PM","5/2/2026 2:44:17 PM","Archive"
"Microsoft.PowerShell.Core\FileSystem::C:\Users\pavel\Techin kontrolinis\WorkSite-Work-and-Construction-Time-Management-System\src\main\java\online\nonamelab\WorkSite\dto\TimeEntryProjectMapper.java","Microsoft.PowerShell.Core\FileSystem::C:\Users\pavel\Techin kontrolinis\WorkSite-Work-and-Construction-Time-Management-System\src\main\java\online\nonamelab\WorkSite\dto","TimeEntryProjectMapper.java","C","Microsoft.PowerShell.Core\FileSystem","False","-a----","TimeEntryProjectMapper","System.Collections.Generic.List`1[System.String]",,"TimeEntryProjectMapper.java","C:\Users\pavel\Techin kontrolinis\WorkSite-Work-and-Construction-Time-Management-System\src\main\java\online\nonamelab\WorkSite\dto\TimeEntryProjectMapper.java",,"True",,".java","5/2/2026 5:41:26 PM","5/2/2026 2:41:26 PM","5/2/2026 5:46:44 PM","5/2/2026 2:46:44 PM","5/2/2026 5:46:44 PM","5/2/2026 2:46:44 PM","Archive"
"Microsoft.PowerShell.Core\FileSystem::C:\Users\pavel\Techin kontrolinis\WorkSite-Work-and-Construction-Time-Management-System\src\main\java\online\nonamelab\WorkSite\dto\TimeEntryProjectResponse.java","Microsoft.PowerShell.Core\FileSystem::C:\Users\pavel\Techin kontrolinis\WorkSite-Work-and-Construction-Time-Management-System\src\main\java\online\nonamelab\WorkSite\dto","TimeEntryProjectResponse.java","C","Microsoft.PowerShell.Core\FileSystem","False","-a----","TimeEntryProjectResponse","System.Collections.Generic.List`1[System.String]",,"TimeEntryProjectResponse.java","C:\Users\pavel\Techin kontrolinis\WorkSite-Work-and-Construction-Time-Management-System\src\main\java\online\nonamelab\WorkSite\dto\TimeEntryProjectResponse.java",,"True",,".java","5/2/2026 5:43:36 PM","5/2/2026 2:43:36 PM","5/2/2026 5:44:17 PM","5/2/2026 2:44:17 PM","5/2/2026 5:44:17 PM","5/2/2026 2:44:17 PM","Archive"
"Microsoft.PowerShell.Core\FileSystem::C:\Users\pavel\Techin kontrolinis\WorkSite-Work-and-Construction-Time-Management-System\src\main\java\online\nonamelab\WorkSite\dto\TimeEntryResponse.java","Microsoft.PowerShell.Core\FileSystem::C:\Users\pavel\Techin kontrolinis\WorkSite-Work-and-Construction-Time-Management-System\src\main\java\online\nonamelab\WorkSite\dto","TimeEntryResponse.java","C","Microsoft.PowerShell.Core\FileSystem","False","-a----","TimeEntryResponse","System.Collections.Generic.List`1[System.String]",,"TimeEntryResponse.java","C:\Users\pavel\Techin kontrolinis\WorkSite-Work-and-Construction-Time-Management-System\src\main\java\online\nonamelab\WorkSite\dto\TimeEntryResponse.java",,"True",,".java","4/29/2026 4:34:26 PM","4/29/2026 1:34:26 PM","5/2/2026 5:45:41 PM","5/2/2026 2:45:41 PM","5/2/2026 5:45:41 PM","5/2/2026 2:45:41 PM","Archive"
"Microsoft.PowerShell.Core\FileSystem::C:\Users\pavel\Techin kontrolinis\WorkSite-Work-and-Construction-Time-Management-System\src\main\java\online\nonamelab\WorkSite\dto\UpdateMeRequest.java","Microsoft.PowerShell.Core\FileSystem::C:\Users\pavel\Techin kontrolinis\WorkSite-Work-and-Construction-Time-Management-System\src\main\java\online\nonamelab\WorkSite\dto","UpdateMeRequest.java","C","Microsoft.PowerShell.Core\FileSystem","False","-a----","UpdateMeRequest","System.Collections.Generic.List`1[System.String]",,"UpdateMeRequest.java","C:\Users\pavel\Techin kontrolinis\WorkSite-Work-and-Construction-Time-Management-System\src\main\java\online\nonamelab\WorkSite\dto\UpdateMeRequest.java",,"True",,".java","4/30/2026 5:29:25 PM","4/30/2026 2:29:25 PM","5/2/2026 3:41:07 PM","5/2/2026 12:41:07 PM","4/30/2026 5:29:31 PM","4/30/2026 2:29:31 PM","Archive"
"Microsoft.PowerShell.Core\FileSystem::C:\Users\pavel\Techin kontrolinis\WorkSite-Work-and-Construction-Time-Management-System\src\main\java\online\nonamelab\WorkSite\dto\UpdateSiteRequest.java","Microsoft.PowerShell.Core\FileSystem::C:\Users\pavel\Techin kontrolinis\WorkSite-Work-and-Construction-Time-Management-System\src\main\java\online\nonamelab\WorkSite\dto","UpdateSiteRequest.java","C","Microsoft.PowerShell.Core\FileSystem","False","-a----","UpdateSiteRequest","System.Collections.Generic.List`1[System.String]",,"UpdateSiteRequest.java","C:\Users\pavel\Techin kontrolinis\WorkSite-Work-and-Construction-Time-Management-System\src\main\java\online\nonamelab\WorkSite\dto\UpdateSiteRequest.java",,"True",,".java","4/28/2026 6:39:25 PM","4/28/2026 3:39:25 PM","5/2/2026 3:41:07 PM","5/2/2026 12:41:07 PM","4/28/2026 6:41:40 PM","4/28/2026 3:41:40 PM","Archive"
"Microsoft.PowerShell.Core\FileSystem::C:\Users\pavel\Techin kontrolinis\WorkSite-Work-and-Construction-Time-Management-System\src\main\java\online\nonamelab\WorkSite\dto\UpdateTimeEntryRequest.java","Microsoft.PowerShell.Core\FileSystem::C:\Users\pavel\Techin kontrolinis\WorkSite-Work-and-Construction-Time-Management-System\src\main\java\online\nonamelab\WorkSite\dto","UpdateTimeEntryRequest.java","C","Microsoft.PowerShell.Core\FileSystem","False","-a----","UpdateTimeEntryRequest","System.Collections.Generic.List`1[System.String]",,"UpdateTimeEntryRequest.java","C:\Users\pavel\Techin kontrolinis\WorkSite-Work-and-Construction-Time-Management-System\src\main\java\online\nonamelab\WorkSite\dto\UpdateTimeEntryRequest.java",,"True",,".java","4/29/2026 4:33:55 PM","4/29/2026 1:33:55 PM","5/2/2026 3:41:07 PM","5/2/2026 12:41:07 PM","4/29/2026 5:32:38 PM","4/29/2026 2:32:38 PM","Archive"
"Microsoft.PowerShell.Core\FileSystem::C:\Users\pavel\Techin kontrolinis\WorkSite-Work-and-Construction-Time-Management-System\src\main\java\online\nonamelab\WorkSite\dto\UpdateUserRequest.java","Microsoft.PowerShell.Core\FileSystem::C:\Users\pavel\Techin kontrolinis\WorkSite-Work-and-Construction-Time-Management-System\src\main\java\online\nonamelab\WorkSite\dto","UpdateUserRequest.java","C","Microsoft.PowerShell.Core\FileSystem","False","-a----","UpdateUserRequest","System.Collections.Generic.List`1[System.String]",,"UpdateUserRequest.java","C:\Users\pavel\Techin kontrolinis\WorkSite-Work-and-Construction-Time-Management-System\src\main\java\online\nonamelab\WorkSite\dto\UpdateUserRequest.java",,"True",,".java","4/28/2026 4:39:41 PM","4/28/2026 1:39:41 PM","5/2/2026 3:41:07 PM","5/2/2026 12:41:07 PM","4/30/2026 5:31:30 PM","4/30/2026 2:31:30 PM","Archive"
"Microsoft.PowerShell.Core\FileSystem::C:\Users\pavel\Techin kontrolinis\WorkSite-Work-and-Construction-Time-Management-System\src\main\java\online\nonamelab\WorkSite\dto\UserMapper.java","Microsoft.PowerShell.Core\FileSystem::C:\Users\pavel\Techin kontrolinis\WorkSite-Work-and-Construction-Time-Management-System\src\main\java\online\nonamelab\WorkSite\dto","UserMapper.java","C","Microsoft.PowerShell.Core\FileSystem","False","-a----","UserMapper","System.Collections.Generic.List`1[System.String]",,"UserMapper.java","C:\Users\pavel\Techin kontrolinis\WorkSite-Work-and-Construction-Time-Management-System\src\main\java\online\nonamelab\WorkSite\dto\UserMapper.java",,"True",,".java","4/28/2026 4:33:12 PM","4/28/2026 1:33:12 PM","5/2/2026 3:41:07 PM","5/2/2026 12:41:07 PM","4/28/2026 4:47:57 PM","4/28/2026 1:47:57 PM","Archive"
"Microsoft.PowerShell.Core\FileSystem::C:\Users\pavel\Techin kontrolinis\WorkSite-Work-and-Construction-Time-Management-System\src\main\java\online\nonamelab\WorkSite\dto\UserResponse.java","Microsoft.PowerShell.Core\FileSystem::C:\Users\pavel\Techin kontrolinis\WorkSite-Work-and-Construction-Time-Management-System\src\main\java\online\nonamelab\WorkSite\dto","UserResponse.java","C","Microsoft.PowerShell.Core\FileSystem","False","-a----","UserResponse","System.Collections.Generic.List`1[System.String]",,"UserResponse.java","C:\Users\pavel\Techin kontrolinis\WorkSite-Work-and-Construction-Time-Management-System\src\main\java\online\nonamelab\WorkSite\dto\UserResponse.java",,"True",,".java","4/28/2026 4:33:12 PM","4/28/2026 1:33:12 PM","5/2/2026 3:41:07 PM","5/2/2026 12:41:07 PM","4/28/2026 4:33:12 PM","4/28/2026 1:33:12 PM","Archive"
"Microsoft.PowerShell.Core\FileSystem::C:\Users\pavel\Techin kontrolinis\WorkSite-Work-and-Construction-Time-Management-System\src\main\java\online\nonamelab\WorkSite\exception\auth","Microsoft.PowerShell.Core\FileSystem::C:\Users\pavel\Techin kontrolinis\WorkSite-Work-and-Construction-Time-Management-System\src\main\java\online\nonamelab\WorkSite\exception","auth","C","Microsoft.PowerShell.Core\FileSystem","True","d-----","auth","System.Collections.Generic.List`1[System.String]",,"auth","C:\Users\pavel\Techin kontrolinis\WorkSite-Work-and-Construction-Time-Management-System\src\main\java\online\nonamelab\WorkSite\exception\auth","exception","True","C:\","","4/30/2026 7:25:52 PM","4/30/2026 4:25:52 PM","5/3/2026 5:12:12 PM","5/3/2026 2:12:12 PM","4/30/2026 7:25:52 PM","4/30/2026 4:25:52 PM","Directory"
"Microsoft.PowerShell.Core\FileSystem::C:\Users\pavel\Techin kontrolinis\WorkSite-Work-and-Construction-Time-Management-System\src\main\java\online\nonamelab\WorkSite\exception\core","Microsoft.PowerShell.Core\FileSystem::C:\Users\pavel\Techin kontrolinis\WorkSite-Work-and-Construction-Time-Management-System\src\main\java\online\nonamelab\WorkSite\exception","core","C","Microsoft.PowerShell.Core\FileSystem","True","d-----","core","System.Collections.Generic.List`1[System.String]",,"core","C:\Users\pavel\Techin kontrolinis\WorkSite-Work-and-Construction-Time-Management-System\src\main\java\online\nonamelab\WorkSite\exception\core","exception","True","C:\","","4/30/2026 7:27:57 PM","4/30/2026 4:27:57 PM","5/3/2026 5:12:12 PM","5/3/2026 2:12:12 PM","4/30/2026 7:29:37 PM","4/30/2026 4:29:37 PM","Directory"
"Microsoft.PowerShell.Core\FileSystem::C:\Users\pavel\Techin kontrolinis\WorkSite-Work-and-Construction-Time-Management-System\src\main\java\online\nonamelab\WorkSite\exception\site","Microsoft.PowerShell.Core\FileSystem::C:\Users\pavel\Techin kontrolinis\WorkSite-Work-and-Construction-Time-Management-System\src\main\java\online\nonamelab\WorkSite\exception","site","C","Microsoft.PowerShell.Core\FileSystem","True","d-----","site","System.Collections.Generic.List`1[System.String]",,"site","C:\Users\pavel\Techin kontrolinis\WorkSite-Work-and-Construction-Time-Management-System\src\main\java\online\nonamelab\WorkSite\exception\site","exception","True","C:\","","4/30/2026 8:39:57 PM","4/30/2026 5:39:57 PM","5/3/2026 5:12:12 PM","5/3/2026 2:12:12 PM","4/30/2026 8:40:39 PM","4/30/2026 5:40:39 PM","Directory"
"Microsoft.PowerShell.Core\FileSystem::C:\Users\pavel\Techin kontrolinis\WorkSite-Work-and-Construction-Time-Management-System\src\main\java\online\nonamelab\WorkSite\exception\user","Microsoft.PowerShell.Core\FileSystem::C:\Users\pavel\Techin kontrolinis\WorkSite-Work-and-Construction-Time-Management-System\src\main\java\online\nonamelab\WorkSite\exception","user","C","Microsoft.PowerShell.Core\FileSystem","True","d-----","user","System.Collections.Generic.List`1[System.String]",,"user","C:\Users\pavel\Techin kontrolinis\WorkSite-Work-and-Construction-Time-Management-System\src\main\java\online\nonamelab\WorkSite\exception\user","exception","True","C:\","","4/30/2026 7:24:42 PM","4/30/2026 4:24:42 PM","5/3/2026 5:12:12 PM","5/3/2026 2:12:12 PM","4/30/2026 7:29:37 PM","4/30/2026 4:29:37 PM","Directory"
"Microsoft.PowerShell.Core\FileSystem::C:\Users\pavel\Techin kontrolinis\WorkSite-Work-and-Construction-Time-Management-System\src\main\java\online\nonamelab\WorkSite\exception\ApiError.java","Microsoft.PowerShell.Core\FileSystem::C:\Users\pavel\Techin kontrolinis\WorkSite-Work-and-Construction-Time-Management-System\src\main\java\online\nonamelab\WorkSite\exception","ApiError.java","C","Microsoft.PowerShell.Core\FileSystem","False","-a----","ApiError","System.Collections.Generic.List`1[System.String]",,"ApiError.java","C:\Users\pavel\Techin kontrolinis\WorkSite-Work-and-Construction-Time-Management-System\src\main\java\online\nonamelab\WorkSite\exception\ApiError.java",,"True",,".java","4/28/2026 5:23:43 PM","4/28/2026 2:23:43 PM","5/2/2026 3:41:07 PM","5/2/2026 12:41:07 PM","4/30/2026 7:59:35 PM","4/30/2026 4:59:35 PM","Archive"
"Microsoft.PowerShell.Core\FileSystem::C:\Users\pavel\Techin kontrolinis\WorkSite-Work-and-Construction-Time-Management-System\src\main\java\online\nonamelab\WorkSite\exception\ApiFieldError.java","Microsoft.PowerShell.Core\FileSystem::C:\Users\pavel\Techin kontrolinis\WorkSite-Work-and-Construction-Time-Management-System\src\main\java\online\nonamelab\WorkSite\exception","ApiFieldError.java","C","Microsoft.PowerShell.Core\FileSystem","False","-a----","ApiFieldError","System.Collections.Generic.List`1[System.String]",,"ApiFieldError.java","C:\Users\pavel\Techin kontrolinis\WorkSite-Work-and-Construction-Time-Management-System\src\main\java\online\nonamelab\WorkSite\exception\ApiFieldError.java",,"True",,".java","4/28/2026 5:24:32 PM","4/28/2026 2:24:32 PM","5/2/2026 3:41:07 PM","5/2/2026 12:41:07 PM","4/30/2026 7:49:55 PM","4/30/2026 4:49:55 PM","Archive"
"Microsoft.PowerShell.Core\FileSystem::C:\Users\pavel\Techin kontrolinis\WorkSite-Work-and-Construction-Time-Management-System\src\main\java\online\nonamelab\WorkSite\exception\BusinessException.java","Microsoft.PowerShell.Core\FileSystem::C:\Users\pavel\Techin kontrolinis\WorkSite-Work-and-Construction-Time-Management-System\src\main\java\online\nonamelab\WorkSite\exception","BusinessException.java","C","Microsoft.PowerShell.Core\FileSystem","False","-a----","BusinessException","System.Collections.Generic.List`1[System.String]",,"BusinessException.java","C:\Users\pavel\Techin kontrolinis\WorkSite-Work-and-Construction-Time-Management-System\src\main\java\online\nonamelab\WorkSite\exception\BusinessException.java",,"True",,".java","4/29/2026 5:21:04 PM","4/29/2026 2:21:04 PM","5/2/2026 3:41:07 PM","5/2/2026 12:41:07 PM","4/29/2026 5:23:35 PM","4/29/2026 2:23:35 PM","Archive"
"Microsoft.PowerShell.Core\FileSystem::C:\Users\pavel\Techin kontrolinis\WorkSite-Work-and-Construction-Time-Management-System\src\main\java\online\nonamelab\WorkSite\exception\GlobalExceptionHandler.java","Microsoft.PowerShell.Core\FileSystem::C:\Users\pavel\Techin kontrolinis\WorkSite-Work-and-Construction-Time-Management-System\src\main\java\online\nonamelab\WorkSite\exception","GlobalExceptionHandler.java","C","Microsoft.PowerShell.Core\FileSystem","False","-a----","GlobalExceptionHandler","System.Collections.Generic.List`1[System.String]",,"GlobalExceptionHandler.java","C:\Users\pavel\Techin kontrolinis\WorkSite-Work-and-Construction-Time-Management-System\src\main\java\online\nonamelab\WorkSite\exception\GlobalExceptionHandler.java",,"True",,".java","4/28/2026 5:26:53 PM","4/28/2026 2:26:53 PM","5/2/2026 5:39:12 PM","5/2/2026 2:39:12 PM","4/30/2026 8:40:39 PM","4/30/2026 5:40:39 PM","Archive"
"Microsoft.PowerShell.Core\FileSystem::C:\Users\pavel\Techin kontrolinis\WorkSite-Work-and-Construction-Time-Management-System\src\main\java\online\nonamelab\WorkSite\exception\InvalidCredentialsException.java","Microsoft.PowerShell.Core\FileSystem::C:\Users\pavel\Techin kontrolinis\WorkSite-Work-and-Construction-Time-Management-System\src\main\java\online\nonamelab\WorkSite\exception","InvalidCredentialsException.java","C","Microsoft.PowerShell.Core\FileSystem","False","-a----","InvalidCredentialsException","System.Collections.Generic.List`1[System.String]",,"InvalidCredentialsException.java","C:\Users\pavel\Techin kontrolinis\WorkSite-Work-and-Construction-Time-Management-System\src\main\java\online\nonamelab\WorkSite\exception\InvalidCredentialsException.java",,"True",,".java","4/28/2026 7:14:12 PM","4/28/2026 4:14:12 PM","5/2/2026 3:41:07 PM","5/2/2026 12:41:07 PM","4/29/2026 5:22:33 PM","4/29/2026 2:22:33 PM","Archive"
"Microsoft.PowerShell.Core\FileSystem::C:\Users\pavel\Techin kontrolinis\WorkSite-Work-and-Construction-Time-Management-System\src\main\java\online\nonamelab\WorkSite\exception\ValidationError.java","Microsoft.PowerShell.Core\FileSystem::C:\Users\pavel\Techin kontrolinis\WorkSite-Work-and-Construction-Time-Management-System\src\main\java\online\nonamelab\WorkSite\exception","ValidationError.java","C","Microsoft.PowerShell.Core\FileSystem","False","-a----","ValidationError","System.Collections.Generic.List`1[System.String]",,"ValidationError.java","C:\Users\pavel\Techin kontrolinis\WorkSite-Work-and-Construction-Time-Management-System\src\main\java\online\nonamelab\WorkSite\exception\ValidationError.java",,"True",,".java","4/30/2026 7:58:08 PM","4/30/2026 4:58:08 PM","5/2/2026 3:41:07 PM","5/2/2026 12:41:07 PM","4/30/2026 7:59:35 PM","4/30/2026 4:59:35 PM","Archive"
"Microsoft.PowerShell.Core\FileSystem::C:\Users\pavel\Techin kontrolinis\WorkSite-Work-and-Construction-Time-Management-System\src\main\java\online\nonamelab\WorkSite\exception\core\NotFoundException.java","Microsoft.PowerShell.Core\FileSystem::C:\Users\pavel\Techin kontrolinis\WorkSite-Work-and-Construction-Time-Management-System\src\main\java\online\nonamelab\WorkSite\exception\core","NotFoundException.java","C","Microsoft.PowerShell.Core\FileSystem","False","-a----","NotFoundException","System.Collections.Generic.List`1[System.String]",,"NotFoundException.java","C:\Users\pavel\Techin kontrolinis\WorkSite-Work-and-Construction-Time-Management-System\src\main\java\online\nonamelab\WorkSite\exception\core\NotFoundException.java",,"True",,".java","4/30/2026 7:28:13 PM","4/30/2026 4:28:13 PM","5/2/2026 3:41:07 PM","5/2/2026 12:41:07 PM","4/30/2026 7:29:37 PM","4/30/2026 4:29:37 PM","Archive"
"Microsoft.PowerShell.Core\FileSystem::C:\Users\pavel\Techin kontrolinis\WorkSite-Work-and-Construction-Time-Management-System\src\main\java\online\nonamelab\WorkSite\exception\site\SiteNotFoundException.java","Microsoft.PowerShell.Core\FileSystem::C:\Users\pavel\Techin kontrolinis\WorkSite-Work-and-Construction-Time-Management-System\src\main\java\online\nonamelab\WorkSite\exception\site","SiteNotFoundException.java","C","Microsoft.PowerShell.Core\FileSystem","False","-a----","SiteNotFoundException","System.Collections.Generic.List`1[System.String]",,"SiteNotFoundException.java","C:\Users\pavel\Techin kontrolinis\WorkSite-Work-and-Construction-Time-Management-System\src\main\java\online\nonamelab\WorkSite\exception\site\SiteNotFoundException.java",,"True",,".java","4/28/2026 9:54:55 PM","4/28/2026 6:54:55 PM","5/2/2026 5:39:12 PM","5/2/2026 2:39:12 PM","4/30/2026 8:40:39 PM","4/30/2026 5:40:39 PM","Archive"
"Microsoft.PowerShell.Core\FileSystem::C:\Users\pavel\Techin kontrolinis\WorkSite-Work-and-Construction-Time-Management-System\src\main\java\online\nonamelab\WorkSite\exception\user\DuplicateEmailException.java","Microsoft.PowerShell.Core\FileSystem::C:\Users\pavel\Techin kontrolinis\WorkSite-Work-and-Construction-Time-Management-System\src\main\java\online\nonamelab\WorkSite\exception\user","DuplicateEmailException.java","C","Microsoft.PowerShell.Core\FileSystem","False","-a----","DuplicateEmailException","System.Collections.Generic.List`1[System.String]",,"DuplicateEmailException.java","C:\Users\pavel\Techin kontrolinis\WorkSite-Work-and-Construction-Time-Management-System\src\main\java\online\nonamelab\WorkSite\exception\user\DuplicateEmailException.java",,"True",,".java","4/28/2026 5:22:20 PM","4/28/2026 2:22:20 PM","5/2/2026 3:41:07 PM","5/2/2026 12:41:07 PM","4/30/2026 7:26:49 PM","4/30/2026 4:26:49 PM","Archive"
"Microsoft.PowerShell.Core\FileSystem::C:\Users\pavel\Techin kontrolinis\WorkSite-Work-and-Construction-Time-Management-System\src\main\java\online\nonamelab\WorkSite\exception\user\InvalidRoleException.java","Microsoft.PowerShell.Core\FileSystem::C:\Users\pavel\Techin kontrolinis\WorkSite-Work-and-Construction-Time-Management-System\src\main\java\online\nonamelab\WorkSite\exception\user","InvalidRoleException.java","C","Microsoft.PowerShell.Core\FileSystem","False","-a----","InvalidRoleException","System.Collections.Generic.List`1[System.String]",,"InvalidRoleException.java","C:\Users\pavel\Techin kontrolinis\WorkSite-Work-and-Construction-Time-Management-System\src\main\java\online\nonamelab\WorkSite\exception\user\InvalidRoleException.java",,"True",,".java","4/30/2026 7:20:48 PM","4/30/2026 4:20:48 PM","5/2/2026 3:41:07 PM","5/2/2026 12:41:07 PM","4/30/2026 7:26:49 PM","4/30/2026 4:26:49 PM","Archive"
"Microsoft.PowerShell.Core\FileSystem::C:\Users\pavel\Techin kontrolinis\WorkSite-Work-and-Construction-Time-Management-System\src\main\java\online\nonamelab\WorkSite\exception\user\UserNotFoundException.java","Microsoft.PowerShell.Core\FileSystem::C:\Users\pavel\Techin kontrolinis\WorkSite-Work-and-Construction-Time-Management-System\src\main\java\online\nonamelab\WorkSite\exception\user","UserNotFoundException.java","C","Microsoft.PowerShell.Core\FileSystem","False","-a----","UserNotFoundException","System.Collections.Generic.List`1[System.String]",,"UserNotFoundException.java","C:\Users\pavel\Techin kontrolinis\WorkSite-Work-and-Construction-Time-Management-System\src\main\java\online\nonamelab\WorkSite\exception\user\UserNotFoundException.java",,"True",,".java","4/28/2026 5:22:20 PM","4/28/2026 2:22:20 PM","5/2/2026 3:41:07 PM","5/2/2026 12:41:07 PM","4/30/2026 7:29:37 PM","4/30/2026 4:29:37 PM","Archive"
"Microsoft.PowerShell.Core\FileSystem::C:\Users\pavel\Techin kontrolinis\WorkSite-Work-and-Construction-Time-Management-System\src\main\java\online\nonamelab\WorkSite\model\ConstructionSite.java","Microsoft.PowerShell.Core\FileSystem::C:\Users\pavel\Techin kontrolinis\WorkSite-Work-and-Construction-Time-Management-System\src\main\java\online\nonamelab\WorkSite\model","ConstructionSite.java","C","Microsoft.PowerShell.Core\FileSystem","False","-a----","ConstructionSite","System.Collections.Generic.List`1[System.String]",,"ConstructionSite.java","C:\Users\pavel\Techin kontrolinis\WorkSite-Work-and-Construction-Time-Management-System\src\main\java\online\nonamelab\WorkSite\model\ConstructionSite.java",,"True",,".java","4/28/2026 6:32:06 PM","4/28/2026 3:32:06 PM","5/2/2026 3:41:07 PM","5/2/2026 12:41:07 PM","4/28/2026 6:42:44 PM","4/28/2026 3:42:44 PM","Archive"
"Microsoft.PowerShell.Core\FileSystem::C:\Users\pavel\Techin kontrolinis\WorkSite-Work-and-Construction-Time-Management-System\src\main\java\online\nonamelab\WorkSite\model\Priority.java","Microsoft.PowerShell.Core\FileSystem::C:\Users\pavel\Techin kontrolinis\WorkSite-Work-and-Construction-Time-Management-System\src\main\java\online\nonamelab\WorkSite\model","Priority.java","C","Microsoft.PowerShell.Core\FileSystem","False","-a----","Priority","System.Collections.Generic.List`1[System.String]",,"Priority.java","C:\Users\pavel\Techin kontrolinis\WorkSite-Work-and-Construction-Time-Management-System\src\main\java\online\nonamelab\WorkSite\model\Priority.java",,"True",,".java","4/28/2026 6:31:28 PM","4/28/2026 3:31:28 PM","5/2/2026 3:41:07 PM","5/2/2026 12:41:07 PM","4/28/2026 6:32:16 PM","4/28/2026 3:32:16 PM","Archive"
"Microsoft.PowerShell.Core\FileSystem::C:\Users\pavel\Techin kontrolinis\WorkSite-Work-and-Construction-Time-Management-System\src\main\java\online\nonamelab\WorkSite\model\Role.java","Microsoft.PowerShell.Core\FileSystem::C:\Users\pavel\Techin kontrolinis\WorkSite-Work-and-Construction-Time-Management-System\src\main\java\online\nonamelab\WorkSite\model","Role.java","C","Microsoft.PowerShell.Core\FileSystem","False","-a----","Role","System.Collections.Generic.List`1[System.String]",,"Role.java","C:\Users\pavel\Techin kontrolinis\WorkSite-Work-and-Construction-Time-Management-System\src\main\java\online\nonamelab\WorkSite\model\Role.java",,"True",,".java","4/28/2026 4:33:12 PM","4/28/2026 1:33:12 PM","5/2/2026 3:41:07 PM","5/2/2026 12:41:07 PM","4/28/2026 4:33:12 PM","4/28/2026 1:33:12 PM","Archive"
"Microsoft.PowerShell.Core\FileSystem::C:\Users\pavel\Techin kontrolinis\WorkSite-Work-and-Construction-Time-Management-System\src\main\java\online\nonamelab\WorkSite\model\SiteStatus.java","Microsoft.PowerShell.Core\FileSystem::C:\Users\pavel\Techin kontrolinis\WorkSite-Work-and-Construction-Time-Management-System\src\main\java\online\nonamelab\WorkSite\model","SiteStatus.java","C","Microsoft.PowerShell.Core\FileSystem","False","-a----","SiteStatus","System.Collections.Generic.List`1[System.String]",,"SiteStatus.java","C:\Users\pavel\Techin kontrolinis\WorkSite-Work-and-Construction-Time-Management-System\src\main\java\online\nonamelab\WorkSite\model\SiteStatus.java",,"True",,".java","4/28/2026 6:31:04 PM","4/28/2026 3:31:04 PM","5/2/2026 3:41:07 PM","5/2/2026 12:41:07 PM","4/28/2026 6:31:11 PM","4/28/2026 3:31:11 PM","Archive"
"Microsoft.PowerShell.Core\FileSystem::C:\Users\pavel\Techin kontrolinis\WorkSite-Work-and-Construction-Time-Management-System\src\main\java\online\nonamelab\WorkSite\model\TimeEntry.java","Microsoft.PowerShell.Core\FileSystem::C:\Users\pavel\Techin kontrolinis\WorkSite-Work-and-Construction-Time-Management-System\src\main\java\online\nonamelab\WorkSite\model","TimeEntry.java","C","Microsoft.PowerShell.Core\FileSystem","False","-a----","TimeEntry","System.Collections.Generic.List`1[System.String]",,"TimeEntry.java","C:\Users\pavel\Techin kontrolinis\WorkSite-Work-and-Construction-Time-Management-System\src\main\java\online\nonamelab\WorkSite\model\TimeEntry.java",,"True",,".java","4/29/2026 4:21:50 PM","4/29/2026 1:21:50 PM","5/2/2026 5:52:17 PM","5/2/2026 2:52:17 PM","5/2/2026 5:52:17 PM","5/2/2026 2:52:17 PM","Archive"
"Microsoft.PowerShell.Core\FileSystem::C:\Users\pavel\Techin kontrolinis\WorkSite-Work-and-Construction-Time-Management-System\src\main\java\online\nonamelab\WorkSite\model\TimeEntryProject.java","Microsoft.PowerShell.Core\FileSystem::C:\Users\pavel\Techin kontrolinis\WorkSite-Work-and-Construction-Time-Management-System\src\main\java\online\nonamelab\WorkSite\model","TimeEntryProject.java","C","Microsoft.PowerShell.Core\FileSystem","False","-a----","TimeEntryProject","System.Collections.Generic.List`1[System.String]",,"TimeEntryProject.java","C:\Users\pavel\Techin kontrolinis\WorkSite-Work-and-Construction-Time-Management-System\src\main\java\online\nonamelab\WorkSite\model\TimeEntryProject.java",,"True",,".java","5/2/2026 5:34:19 PM","5/2/2026 2:34:19 PM","5/2/2026 5:38:03 PM","5/2/2026 2:38:03 PM","5/2/2026 5:38:03 PM","5/2/2026 2:38:03 PM","Archive"
"Microsoft.PowerShell.Core\FileSystem::C:\Users\pavel\Techin kontrolinis\WorkSite-Work-and-Construction-Time-Management-System\src\main\java\online\nonamelab\WorkSite\model\TimeEntryStatus.java","Microsoft.PowerShell.Core\FileSystem::C:\Users\pavel\Techin kontrolinis\WorkSite-Work-and-Construction-Time-Management-System\src\main\java\online\nonamelab\WorkSite\model","TimeEntryStatus.java","C","Microsoft.PowerShell.Core\FileSystem","False","-a----","TimeEntryStatus","System.Collections.Generic.List`1[System.String]",,"TimeEntryStatus.java","C:\Users\pavel\Techin kontrolinis\WorkSite-Work-and-Construction-Time-Management-System\src\main\java\online\nonamelab\WorkSite\model\TimeEntryStatus.java",,"True",,".java","4/29/2026 4:25:13 PM","4/29/2026 1:25:13 PM","5/2/2026 3:41:07 PM","5/2/2026 12:41:07 PM","4/29/2026 4:27:15 PM","4/29/2026 1:27:15 PM","Archive"
"Microsoft.PowerShell.Core\FileSystem::C:\Users\pavel\Techin kontrolinis\WorkSite-Work-and-Construction-Time-Management-System\src\main\java\online\nonamelab\WorkSite\model\User.java","Microsoft.PowerShell.Core\FileSystem::C:\Users\pavel\Techin kontrolinis\WorkSite-Work-and-Construction-Time-Management-System\src\main\java\online\nonamelab\WorkSite\model","User.java","C","Microsoft.PowerShell.Core\FileSystem","False","-a----","User","System.Collections.Generic.List`1[System.String]",,"User.java","C:\Users\pavel\Techin kontrolinis\WorkSite-Work-and-Construction-Time-Management-System\src\main\java\online\nonamelab\WorkSite\model\User.java",,"True",,".java","4/28/2026 4:33:12 PM","4/28/2026 1:33:12 PM","5/2/2026 3:41:07 PM","5/2/2026 12:41:07 PM","4/28/2026 4:33:12 PM","4/28/2026 1:33:12 PM","Archive"
"Microsoft.PowerShell.Core\FileSystem::C:\Users\pavel\Techin kontrolinis\WorkSite-Work-and-Construction-Time-Management-System\src\main\java\online\nonamelab\WorkSite\repository\ConstructionSiteRepository.java","Microsoft.PowerShell.Core\FileSystem::C:\Users\pavel\Techin kontrolinis\WorkSite-Work-and-Construction-Time-Management-System\src\main\java\online\nonamelab\WorkSite\repository","ConstructionSiteRepository.java","C","Microsoft.PowerShell.Core\FileSystem","False","-a----","ConstructionSiteRepository","System.Collections.Generic.List`1[System.String]",,"ConstructionSiteRepository.java","C:\Users\pavel\Techin kontrolinis\WorkSite-Work-and-Construction-Time-Management-System\src\main\java\online\nonamelab\WorkSite\repository\ConstructionSiteRepository.java",,"True",,".java","4/28/2026 6:35:08 PM","4/28/2026 3:35:08 PM","5/2/2026 3:41:07 PM","5/2/2026 12:41:07 PM","4/28/2026 10:19:52 PM","4/28/2026 7:19:52 PM","Archive"
"Microsoft.PowerShell.Core\FileSystem::C:\Users\pavel\Techin kontrolinis\WorkSite-Work-and-Construction-Time-Management-System\src\main\java\online\nonamelab\WorkSite\repository\TimeEntryProjectRepository.java","Microsoft.PowerShell.Core\FileSystem::C:\Users\pavel\Techin kontrolinis\WorkSite-Work-and-Construction-Time-Management-System\src\main\java\online\nonamelab\WorkSite\repository","TimeEntryProjectRepository.java","C","Microsoft.PowerShell.Core\FileSystem","False","-a----","TimeEntryProjectRepository","System.Collections.Generic.List`1[System.String]",,"TimeEntryProjectRepository.java","C:\Users\pavel\Techin kontrolinis\WorkSite-Work-and-Construction-Time-Management-System\src\main\java\online\nonamelab\WorkSite\repository\TimeEntryProjectRepository.java",,"True",,".java","5/2/2026 6:05:27 PM","5/2/2026 3:05:27 PM","5/3/2026 7:43:17 AM","5/3/2026 4:43:17 AM","5/2/2026 6:07:45 PM","5/2/2026 3:07:45 PM","Archive"
"Microsoft.PowerShell.Core\FileSystem::C:\Users\pavel\Techin kontrolinis\WorkSite-Work-and-Construction-Time-Management-System\src\main\java\online\nonamelab\WorkSite\repository\TimeEntryRepository.java","Microsoft.PowerShell.Core\FileSystem::C:\Users\pavel\Techin kontrolinis\WorkSite-Work-and-Construction-Time-Management-System\src\main\java\online\nonamelab\WorkSite\repository","TimeEntryRepository.java","C","Microsoft.PowerShell.Core\FileSystem","False","-a----","TimeEntryRepository","System.Collections.Generic.List`1[System.String]",,"TimeEntryRepository.java","C:\Users\pavel\Techin kontrolinis\WorkSite-Work-and-Construction-Time-Management-System\src\main\java\online\nonamelab\WorkSite\repository\TimeEntryRepository.java",,"True",,".java","4/29/2026 4:30:17 PM","4/29/2026 1:30:17 PM","5/3/2026 7:43:17 AM","5/3/2026 4:43:17 AM","5/2/2026 6:05:13 PM","5/2/2026 3:05:13 PM","Archive"
"Microsoft.PowerShell.Core\FileSystem::C:\Users\pavel\Techin kontrolinis\WorkSite-Work-and-Construction-Time-Management-System\src\main\java\online\nonamelab\WorkSite\repository\UserRepository.java","Microsoft.PowerShell.Core\FileSystem::C:\Users\pavel\Techin kontrolinis\WorkSite-Work-and-Construction-Time-Management-System\src\main\java\online\nonamelab\WorkSite\repository","UserRepository.java","C","Microsoft.PowerShell.Core\FileSystem","False","-a----","UserRepository","System.Collections.Generic.List`1[System.String]",,"UserRepository.java","C:\Users\pavel\Techin kontrolinis\WorkSite-Work-and-Construction-Time-Management-System\src\main\java\online\nonamelab\WorkSite\repository\UserRepository.java",,"True",,".java","4/28/2026 4:33:12 PM","4/28/2026 1:33:12 PM","5/2/2026 3:41:07 PM","5/2/2026 12:41:07 PM","4/28/2026 6:13:47 PM","4/28/2026 3:13:47 PM","Archive"
"Microsoft.PowerShell.Core\FileSystem::C:\Users\pavel\Techin kontrolinis\WorkSite-Work-and-Construction-Time-Management-System\src\main\java\online\nonamelab\WorkSite\security\CustomAccessDeniedHandler.java","Microsoft.PowerShell.Core\FileSystem::C:\Users\pavel\Techin kontrolinis\WorkSite-Work-and-Construction-Time-Management-System\src\main\java\online\nonamelab\WorkSite\security","CustomAccessDeniedHandler.java","C","Microsoft.PowerShell.Core\FileSystem","False","-a----","CustomAccessDeniedHandler","System.Collections.Generic.List`1[System.String]",,"CustomAccessDeniedHandler.java","C:\Users\pavel\Techin kontrolinis\WorkSite-Work-and-Construction-Time-Management-System\src\main\java\online\nonamelab\WorkSite\security\CustomAccessDeniedHandler.java",,"True",,".java","4/28/2026 9:44:38 PM","4/28/2026 6:44:38 PM","5/2/2026 3:41:07 PM","5/2/2026 12:41:07 PM","4/30/2026 8:29:37 PM","4/30/2026 5:29:37 PM","Archive"
"Microsoft.PowerShell.Core\FileSystem::C:\Users\pavel\Techin kontrolinis\WorkSite-Work-and-Construction-Time-Management-System\src\main\java\online\nonamelab\WorkSite\security\CustomAuthenticationEntryPoint.java","Microsoft.PowerShell.Core\FileSystem::C:\Users\pavel\Techin kontrolinis\WorkSite-Work-and-Construction-Time-Management-System\src\main\java\online\nonamelab\WorkSite\security","CustomAuthenticationEntryPoint.java","C","Microsoft.PowerShell.Core\FileSystem","False","-a----","CustomAuthenticationEntryPoint","System.Collections.Generic.List`1[System.String]",,"CustomAuthenticationEntryPoint.java","C:\Users\pavel\Techin kontrolinis\WorkSite-Work-and-Construction-Time-Management-System\src\main\java\online\nonamelab\WorkSite\security\CustomAuthenticationEntryPoint.java",,"True",,".java","4/29/2026 4:21:50 PM","4/29/2026 1:21:50 PM","5/2/2026 3:41:07 PM","5/2/2026 12:41:07 PM","4/30/2026 8:33:24 PM","4/30/2026 5:33:24 PM","Archive"
"Microsoft.PowerShell.Core\FileSystem::C:\Users\pavel\Techin kontrolinis\WorkSite-Work-and-Construction-Time-Management-System\src\main\java\online\nonamelab\WorkSite\security\CustomUserDetailsService.java","Microsoft.PowerShell.Core\FileSystem::C:\Users\pavel\Techin kontrolinis\WorkSite-Work-and-Construction-Time-Management-System\src\main\java\online\nonamelab\WorkSite\security","CustomUserDetailsService.java","C","Microsoft.PowerShell.Core\FileSystem","False","-a----","CustomUserDetailsService","System.Collections.Generic.List`1[System.String]",,"CustomUserDetailsService.java","C:\Users\pavel\Techin kontrolinis\WorkSite-Work-and-Construction-Time-Management-System\src\main\java\online\nonamelab\WorkSite\security\CustomUserDetailsService.java",,"True",,".java","4/28/2026 6:55:28 PM","4/28/2026 3:55:28 PM","5/2/2026 3:41:07 PM","5/2/2026 12:41:07 PM","4/30/2026 5:22:48 PM","4/30/2026 2:22:48 PM","Archive"
"Microsoft.PowerShell.Core\FileSystem::C:\Users\pavel\Techin kontrolinis\WorkSite-Work-and-Construction-Time-Management-System\src\main\java\online\nonamelab\WorkSite\security\JwtAuthenticationFilter.java","Microsoft.PowerShell.Core\FileSystem::C:\Users\pavel\Techin kontrolinis\WorkSite-Work-and-Construction-Time-Management-System\src\main\java\online\nonamelab\WorkSite\security","JwtAuthenticationFilter.java","C","Microsoft.PowerShell.Core\FileSystem","False","-a----","JwtAuthenticationFilter","System.Collections.Generic.List`1[System.String]",,"JwtAuthenticationFilter.java","C:\Users\pavel\Techin kontrolinis\WorkSite-Work-and-Construction-Time-Management-System\src\main\java\online\nonamelab\WorkSite\security\JwtAuthenticationFilter.java",,"True",,".java","4/28/2026 6:55:09 PM","4/28/2026 3:55:09 PM","5/2/2026 3:41:07 PM","5/2/2026 12:41:07 PM","4/30/2026 6:16:38 PM","4/30/2026 3:16:38 PM","Archive"
"Microsoft.PowerShell.Core\FileSystem::C:\Users\pavel\Techin kontrolinis\WorkSite-Work-and-Construction-Time-Management-System\src\main\java\online\nonamelab\WorkSite\security\JwtAuthEntryPoint.java","Microsoft.PowerShell.Core\FileSystem::C:\Users\pavel\Techin kontrolinis\WorkSite-Work-and-Construction-Time-Management-System\src\main\java\online\nonamelab\WorkSite\security","JwtAuthEntryPoint.java","C","Microsoft.PowerShell.Core\FileSystem","False","-a----","JwtAuthEntryPoint","System.Collections.Generic.List`1[System.String]",,"JwtAuthEntryPoint.java","C:\Users\pavel\Techin kontrolinis\WorkSite-Work-and-Construction-Time-Management-System\src\main\java\online\nonamelab\WorkSite\security\JwtAuthEntryPoint.java",,"True",,".java","4/28/2026 6:55:18 PM","4/28/2026 3:55:18 PM","5/2/2026 3:41:07 PM","5/2/2026 12:41:07 PM","4/28/2026 6:55:18 PM","4/28/2026 3:55:18 PM","Archive"
"Microsoft.PowerShell.Core\FileSystem::C:\Users\pavel\Techin kontrolinis\WorkSite-Work-and-Construction-Time-Management-System\src\main\java\online\nonamelab\WorkSite\security\JwtService.java","Microsoft.PowerShell.Core\FileSystem::C:\Users\pavel\Techin kontrolinis\WorkSite-Work-and-Construction-Time-Management-System\src\main\java\online\nonamelab\WorkSite\security","JwtService.java","C","Microsoft.PowerShell.Core\FileSystem","False","-a----","JwtService","System.Collections.Generic.List`1[System.String]",,"JwtService.java","C:\Users\pavel\Techin kontrolinis\WorkSite-Work-and-Construction-Time-Management-System\src\main\java\online\nonamelab\WorkSite\security\JwtService.java",,"True",,".java","4/28/2026 6:54:57 PM","4/28/2026 3:54:57 PM","5/2/2026 3:41:07 PM","5/2/2026 12:41:07 PM","4/30/2026 6:16:38 PM","4/30/2026 3:16:38 PM","Archive"
"Microsoft.PowerShell.Core\FileSystem::C:\Users\pavel\Techin kontrolinis\WorkSite-Work-and-Construction-Time-Management-System\src\main\java\online\nonamelab\WorkSite\security\SecurityUtils.java","Microsoft.PowerShell.Core\FileSystem::C:\Users\pavel\Techin kontrolinis\WorkSite-Work-and-Construction-Time-Management-System\src\main\java\online\nonamelab\WorkSite\security","SecurityUtils.java","C","Microsoft.PowerShell.Core\FileSystem","False","-a----","SecurityUtils","System.Collections.Generic.List`1[System.String]",,"SecurityUtils.java","C:\Users\pavel\Techin kontrolinis\WorkSite-Work-and-Construction-Time-Management-System\src\main\java\online\nonamelab\WorkSite\security\SecurityUtils.java",,"True",,".java","4/30/2026 5:23:15 PM","4/30/2026 2:23:15 PM","5/2/2026 3:41:07 PM","5/2/2026 12:41:07 PM","4/30/2026 5:34:33 PM","4/30/2026 2:34:33 PM","Archive"
"Microsoft.PowerShell.Core\FileSystem::C:\Users\pavel\Techin kontrolinis\WorkSite-Work-and-Construction-Time-Management-System\src\main\java\online\nonamelab\WorkSite\security\UserPrincipal.java","Microsoft.PowerShell.Core\FileSystem::C:\Users\pavel\Techin kontrolinis\WorkSite-Work-and-Construction-Time-Management-System\src\main\java\online\nonamelab\WorkSite\security","UserPrincipal.java","C","Microsoft.PowerShell.Core\FileSystem","False","-a----","UserPrincipal","System.Collections.Generic.List`1[System.String]",,"UserPrincipal.java","C:\Users\pavel\Techin kontrolinis\WorkSite-Work-and-Construction-Time-Management-System\src\main\java\online\nonamelab\WorkSite\security\UserPrincipal.java",,"True",,".java","4/30/2026 5:19:08 PM","4/30/2026 2:19:08 PM","5/2/2026 3:41:07 PM","5/2/2026 12:41:07 PM","4/30/2026 5:21:36 PM","4/30/2026 2:21:36 PM","Archive"
"Microsoft.PowerShell.Core\FileSystem::C:\Users\pavel\Techin kontrolinis\WorkSite-Work-and-Construction-Time-Management-System\src\main\java\online\nonamelab\WorkSite\service\AuthService.java","Microsoft.PowerShell.Core\FileSystem::C:\Users\pavel\Techin kontrolinis\WorkSite-Work-and-Construction-Time-Management-System\src\main\java\online\nonamelab\WorkSite\service","AuthService.java","C","Microsoft.PowerShell.Core\FileSystem","False","-a----","AuthService","System.Collections.Generic.List`1[System.String]",,"AuthService.java","C:\Users\pavel\Techin kontrolinis\WorkSite-Work-and-Construction-Time-Management-System\src\main\java\online\nonamelab\WorkSite\service\AuthService.java",,"True",,".java","4/28/2026 6:56:29 PM","4/28/2026 3:56:29 PM","5/2/2026 3:41:07 PM","5/2/2026 12:41:07 PM","4/28/2026 7:18:26 PM","4/28/2026 4:18:26 PM","Archive"
"Microsoft.PowerShell.Core\FileSystem::C:\Users\pavel\Techin kontrolinis\WorkSite-Work-and-Construction-Time-Management-System\src\main\java\online\nonamelab\WorkSite\service\ConstructionSiteService.java","Microsoft.PowerShell.Core\FileSystem::C:\Users\pavel\Techin kontrolinis\WorkSite-Work-and-Construction-Time-Management-System\src\main\java\online\nonamelab\WorkSite\service","ConstructionSiteService.java","C","Microsoft.PowerShell.Core\FileSystem","False","-a----","ConstructionSiteService","System.Collections.Generic.List`1[System.String]",,"ConstructionSiteService.java","C:\Users\pavel\Techin kontrolinis\WorkSite-Work-and-Construction-Time-Management-System\src\main\java\online\nonamelab\WorkSite\service\ConstructionSiteService.java",,"True",,".java","4/28/2026 6:44:23 PM","4/28/2026 3:44:23 PM","5/2/2026 3:41:07 PM","5/2/2026 12:41:07 PM","4/28/2026 10:17:51 PM","4/28/2026 7:17:51 PM","Archive"
"Microsoft.PowerShell.Core\FileSystem::C:\Users\pavel\Techin kontrolinis\WorkSite-Work-and-Construction-Time-Management-System\src\main\java\online\nonamelab\WorkSite\service\ConstructionSiteServiceImpl.java","Microsoft.PowerShell.Core\FileSystem::C:\Users\pavel\Techin kontrolinis\WorkSite-Work-and-Construction-Time-Management-System\src\main\java\online\nonamelab\WorkSite\service","ConstructionSiteServiceImpl.java","C","Microsoft.PowerShell.Core\FileSystem","False","-a----","ConstructionSiteServiceImpl","System.Collections.Generic.List`1[System.String]",,"ConstructionSiteServiceImpl.java","C:\Users\pavel\Techin kontrolinis\WorkSite-Work-and-Construction-Time-Management-System\src\main\java\online\nonamelab\WorkSite\service\ConstructionSiteServiceImpl.java",,"True",,".java","4/28/2026 6:48:55 PM","4/28/2026 3:48:55 PM","5/2/2026 5:39:12 PM","5/2/2026 2:39:12 PM","4/30/2026 8:40:39 PM","4/30/2026 5:40:39 PM","Archive"
"Microsoft.PowerShell.Core\FileSystem::C:\Users\pavel\Techin kontrolinis\WorkSite-Work-and-Construction-Time-Management-System\src\main\java\online\nonamelab\WorkSite\service\TimeEntryProjectService.java","Microsoft.PowerShell.Core\FileSystem::C:\Users\pavel\Techin kontrolinis\WorkSite-Work-and-Construction-Time-Management-System\src\main\java\online\nonamelab\WorkSite\service","TimeEntryProjectService.java","C","Microsoft.PowerShell.Core\FileSystem","False","-a----","TimeEntryProjectService","System.Collections.Generic.List`1[System.String]",,"TimeEntryProjectService.java","C:\Users\pavel\Techin kontrolinis\WorkSite-Work-and-Construction-Time-Management-System\src\main\java\online\nonamelab\WorkSite\service\TimeEntryProjectService.java",,"True",,".java","5/2/2026 5:57:53 PM","5/2/2026 2:57:53 PM","5/2/2026 6:00:38 PM","5/2/2026 3:00:38 PM","5/2/2026 6:00:38 PM","5/2/2026 3:00:38 PM","Archive"
"Microsoft.PowerShell.Core\FileSystem::C:\Users\pavel\Techin kontrolinis\WorkSite-Work-and-Construction-Time-Management-System\src\main\java\online\nonamelab\WorkSite\service\TimeEntryService.java","Microsoft.PowerShell.Core\FileSystem::C:\Users\pavel\Techin kontrolinis\WorkSite-Work-and-Construction-Time-Management-System\src\main\java\online\nonamelab\WorkSite\service","TimeEntryService.java","C","Microsoft.PowerShell.Core\FileSystem","False","-a----","TimeEntryService","System.Collections.Generic.List`1[System.String]",,"TimeEntryService.java","C:\Users\pavel\Techin kontrolinis\WorkSite-Work-and-Construction-Time-Management-System\src\main\java\online\nonamelab\WorkSite\service\TimeEntryService.java",,"True",,".java","4/29/2026 4:35:52 PM","4/29/2026 1:35:52 PM","5/3/2026 7:39:45 AM","5/3/2026 4:39:45 AM","5/3/2026 7:39:45 AM","5/3/2026 4:39:45 AM","Archive"
"Microsoft.PowerShell.Core\FileSystem::C:\Users\pavel\Techin kontrolinis\WorkSite-Work-and-Construction-Time-Management-System\src\main\java\online\nonamelab\WorkSite\service\TimeEntryServiceImpl.java","Microsoft.PowerShell.Core\FileSystem::C:\Users\pavel\Techin kontrolinis\WorkSite-Work-and-Construction-Time-Management-System\src\main\java\online\nonamelab\WorkSite\service","TimeEntryServiceImpl.java","C","Microsoft.PowerShell.Core\FileSystem","False","-a----","TimeEntryServiceImpl","System.Collections.Generic.List`1[System.String]",,"TimeEntryServiceImpl.java","C:\Users\pavel\Techin kontrolinis\WorkSite-Work-and-Construction-Time-Management-System\src\main\java\online\nonamelab\WorkSite\service\TimeEntryServiceImpl.java",,"True",,".java","5/3/2026 7:13:10 AM","5/3/2026 4:13:10 AM","5/3/2026 7:43:13 AM","5/3/2026 4:43:13 AM","5/3/2026 7:43:13 AM","5/3/2026 4:43:13 AM","Archive"
"Microsoft.PowerShell.Core\FileSystem::C:\Users\pavel\Techin kontrolinis\WorkSite-Work-and-Construction-Time-Management-System\src\main\java\online\nonamelab\WorkSite\service\UserService.java","Microsoft.PowerShell.Core\FileSystem::C:\Users\pavel\Techin kontrolinis\WorkSite-Work-and-Construction-Time-Management-System\src\main\java\online\nonamelab\WorkSite\service","UserService.java","C","Microsoft.PowerShell.Core\FileSystem","False","-a----","UserService","System.Collections.Generic.List`1[System.String]",,"UserService.java","C:\Users\pavel\Techin kontrolinis\WorkSite-Work-and-Construction-Time-Management-System\src\main\java\online\nonamelab\WorkSite\service\UserService.java",,"True",,".java","4/28/2026 4:48:39 PM","4/28/2026 1:48:39 PM","5/2/2026 3:41:07 PM","5/2/2026 12:41:07 PM","4/30/2026 5:37:59 PM","4/30/2026 2:37:59 PM","Archive"
"Microsoft.PowerShell.Core\FileSystem::C:\Users\pavel\Techin kontrolinis\WorkSite-Work-and-Construction-Time-Management-System\src\main\java\online\nonamelab\WorkSite\service\UserServiceImpl.java","Microsoft.PowerShell.Core\FileSystem::C:\Users\pavel\Techin kontrolinis\WorkSite-Work-and-Construction-Time-Management-System\src\main\java\online\nonamelab\WorkSite\service","UserServiceImpl.java","C","Microsoft.PowerShell.Core\FileSystem","False","-a----","UserServiceImpl","System.Collections.Generic.List`1[System.String]",,"UserServiceImpl.java","C:\Users\pavel\Techin kontrolinis\WorkSite-Work-and-Construction-Time-Management-System\src\main\java\online\nonamelab\WorkSite\service\UserServiceImpl.java",,"True",,".java","4/28/2026 4:54:56 PM","4/28/2026 1:54:56 PM","5/2/2026 3:41:07 PM","5/2/2026 12:41:07 PM","4/30/2026 7:26:49 PM","4/30/2026 4:26:49 PM","Archive"
"Microsoft.PowerShell.Core\FileSystem::C:\Users\pavel\Techin kontrolinis\WorkSite-Work-and-Construction-Time-Management-System\src\main\resources\application.properties","Microsoft.PowerShell.Core\FileSystem::C:\Users\pavel\Techin kontrolinis\WorkSite-Work-and-Construction-Time-Management-System\src\main\resources","application.properties","C","Microsoft.PowerShell.Core\FileSystem","False","-a----","application","System.Collections.Generic.List`1[System.String]",,"application.properties","C:\Users\pavel\Techin kontrolinis\WorkSite-Work-and-Construction-Time-Management-System\src\main\resources\application.properties",,"True",,".properties","4/28/2026 4:33:12 PM","4/28/2026 1:33:12 PM","5/2/2026 3:41:03 PM","5/2/2026 12:41:03 PM","4/28/2026 4:33:12 PM","4/28/2026 1:33:12 PM","Archive"
"Microsoft.PowerShell.Core\FileSystem::C:\Users\pavel\Techin kontrolinis\WorkSite-Work-and-Construction-Time-Management-System\src\test\java","Microsoft.PowerShell.Core\FileSystem::C:\Users\pavel\Techin kontrolinis\WorkSite-Work-and-Construction-Time-Management-System\src\test","java","C","Microsoft.PowerShell.Core\FileSystem","True","d-----","java","System.Collections.Generic.List`1[System.String]",,"java","C:\Users\pavel\Techin kontrolinis\WorkSite-Work-and-Construction-Time-Management-System\src\test\java","test","True","C:\","","4/28/2026 4:33:12 PM","4/28/2026 1:33:12 PM","5/3/2026 5:12:12 PM","5/3/2026 2:12:12 PM","4/28/2026 4:33:12 PM","4/28/2026 1:33:12 PM","Directory"
"Microsoft.PowerShell.Core\FileSystem::C:\Users\pavel\Techin kontrolinis\WorkSite-Work-and-Construction-Time-Management-System\src\test\java\online","Microsoft.PowerShell.Core\FileSystem::C:\Users\pavel\Techin kontrolinis\WorkSite-Work-and-Construction-Time-Management-System\src\test\java","online","C","Microsoft.PowerShell.Core\FileSystem","True","d-----","online","System.Collections.Generic.List`1[System.String]",,"online","C:\Users\pavel\Techin kontrolinis\WorkSite-Work-and-Construction-Time-Management-System\src\test\java\online","java","True","C:\","","4/28/2026 4:33:12 PM","4/28/2026 1:33:12 PM","5/3/2026 5:12:12 PM","5/3/2026 2:12:12 PM","4/28/2026 4:33:12 PM","4/28/2026 1:33:12 PM","Directory"
"Microsoft.PowerShell.Core\FileSystem::C:\Users\pavel\Techin kontrolinis\WorkSite-Work-and-Construction-Time-Management-System\src\test\java\online\nonamelab","Microsoft.PowerShell.Core\FileSystem::C:\Users\pavel\Techin kontrolinis\WorkSite-Work-and-Construction-Time-Management-System\src\test\java\online","nonamelab","C","Microsoft.PowerShell.Core\FileSystem","True","d-----","nonamelab","System.Collections.Generic.List`1[System.String]",,"nonamelab","C:\Users\pavel\Techin kontrolinis\WorkSite-Work-and-Construction-Time-Management-System\src\test\java\online\nonamelab","online","True","C:\","","4/28/2026 4:33:12 PM","4/28/2026 1:33:12 PM","5/3/2026 5:12:12 PM","5/3/2026 2:12:12 PM","4/28/2026 4:33:12 PM","4/28/2026 1:33:12 PM","Directory"
"Microsoft.PowerShell.Core\FileSystem::C:\Users\pavel\Techin kontrolinis\WorkSite-Work-and-Construction-Time-Management-System\src\test\java\online\nonamelab\WorkSite","Microsoft.PowerShell.Core\FileSystem::C:\Users\pavel\Techin kontrolinis\WorkSite-Work-and-Construction-Time-Management-System\src\test\java\online\nonamelab","WorkSite","C","Microsoft.PowerShell.Core\FileSystem","True","d-----","WorkSite","System.Collections.Generic.List`1[System.String]",,"WorkSite","C:\Users\pavel\Techin kontrolinis\WorkSite-Work-and-Construction-Time-Management-System\src\test\java\online\nonamelab\WorkSite","nonamelab","True","C:\","","4/28/2026 4:33:12 PM","4/28/2026 1:33:12 PM","5/3/2026 5:12:12 PM","5/3/2026 2:12:12 PM","5/2/2026 3:38:20 PM","5/2/2026 12:38:20 PM","Directory"
"Microsoft.PowerShell.Core\FileSystem::C:\Users\pavel\Techin kontrolinis\WorkSite-Work-and-Construction-Time-Management-System\src\test\java\online\nonamelab\WorkSite\auth","Microsoft.PowerShell.Core\FileSystem::C:\Users\pavel\Techin kontrolinis\WorkSite-Work-and-Construction-Time-Management-System\src\test\java\online\nonamelab\WorkSite","auth","C","Microsoft.PowerShell.Core\FileSystem","True","d-----","auth","System.Collections.Generic.List`1[System.String]",,"auth","C:\Users\pavel\Techin kontrolinis\WorkSite-Work-and-Construction-Time-Management-System\src\test\java\online\nonamelab\WorkSite\auth","WorkSite","True","C:\","","5/2/2026 3:38:20 PM","5/2/2026 12:38:20 PM","5/3/2026 5:12:12 PM","5/3/2026 2:12:12 PM","5/2/2026 3:59:58 PM","5/2/2026 12:59:58 PM","Directory"
"Microsoft.PowerShell.Core\FileSystem::C:\Users\pavel\Techin kontrolinis\WorkSite-Work-and-Construction-Time-Management-System\src\test\java\online\nonamelab\WorkSite\WorkSiteApplicationTests.java","Microsoft.PowerShell.Core\FileSystem::C:\Users\pavel\Techin kontrolinis\WorkSite-Work-and-Construction-Time-Management-System\src\test\java\online\nonamelab\WorkSite","WorkSiteApplicationTests.java","C","Microsoft.PowerShell.Core\FileSystem","False","-a----","WorkSiteApplicationTests","System.Collections.Generic.List`1[System.String]",,"WorkSiteApplicationTests.java","C:\Users\pavel\Techin kontrolinis\WorkSite-Work-and-Construction-Time-Management-System\src\test\java\online\nonamelab\WorkSite\WorkSiteApplicationTests.java",,"True",,".java","4/28/2026 4:33:12 PM","4/28/2026 1:33:12 PM","5/2/2026 3:41:11 PM","5/2/2026 12:41:11 PM","4/28/2026 4:33:12 PM","4/28/2026 1:33:12 PM","Archive"
"Microsoft.PowerShell.Core\FileSystem::C:\Users\pavel\Techin kontrolinis\WorkSite-Work-and-Construction-Time-Management-System\src\test\java\online\nonamelab\WorkSite\auth\AuthApiTest.java","Microsoft.PowerShell.Core\FileSystem::C:\Users\pavel\Techin kontrolinis\WorkSite-Work-and-Construction-Time-Management-System\src\test\java\online\nonamelab\WorkSite\auth","AuthApiTest.java","C","Microsoft.PowerShell.Core\FileSystem","False","-a----","AuthApiTest","System.Collections.Generic.List`1[System.String]",,"AuthApiTest.java","C:\Users\pavel\Techin kontrolinis\WorkSite-Work-and-Construction-Time-Management-System\src\test\java\online\nonamelab\WorkSite\auth\AuthApiTest.java",,"True",,".java","5/2/2026 3:38:33 PM","5/2/2026 12:38:33 PM","5/2/2026 5:39:12 PM","5/2/2026 2:39:12 PM","5/2/2026 3:59:58 PM","5/2/2026 12:59:58 PM","Archive"
"Microsoft.PowerShell.Core\FileSystem::C:\Users\pavel\Techin kontrolinis\WorkSite-Work-and-Construction-Time-Management-System\target\classes","Microsoft.PowerShell.Core\FileSystem::C:\Users\pavel\Techin kontrolinis\WorkSite-Work-and-Construction-Time-Management-System\target","classes","C","Microsoft.PowerShell.Core\FileSystem","True","d-----","classes","System.Collections.Generic.List`1[System.String]",,"classes","C:\Users\pavel\Techin kontrolinis\WorkSite-Work-and-Construction-Time-Management-System\target\classes","target","True","C:\","","4/28/2026 4:34:27 PM","4/28/2026 1:34:27 PM","5/3/2026 5:15:14 PM","5/3/2026 2:15:14 PM","5/2/2026 3:53:07 PM","5/2/2026 12:53:07 PM","Directory"
"Microsoft.PowerShell.Core\FileSystem::C:\Users\pavel\Techin kontrolinis\WorkSite-Work-and-Construction-Time-Management-System\target\generated-sources","Microsoft.PowerShell.Core\FileSystem::C:\Users\pavel\Techin kontrolinis\WorkSite-Work-and-Construction-Time-Management-System\target","generated-sources","C","Microsoft.PowerShell.Core\FileSystem","True","d-----","generated-sources","System.Collections.Generic.List`1[System.String]",,"generated-sources","C:\Users\pavel\Techin kontrolinis\WorkSite-Work-and-Construction-Time-Management-System\target\generated-sources","target","True","C:\","","4/28/2026 4:34:27 PM","4/28/2026 1:34:27 PM","5/3/2026 5:12:09 PM","5/3/2026 2:12:09 PM","4/28/2026 4:34:27 PM","4/28/2026 1:34:27 PM","Directory"
"Microsoft.PowerShell.Core\FileSystem::C:\Users\pavel\Techin kontrolinis\WorkSite-Work-and-Construction-Time-Management-System\target\generated-test-sources","Microsoft.PowerShell.Core\FileSystem::C:\Users\pavel\Techin kontrolinis\WorkSite-Work-and-Construction-Time-Management-System\target","generated-test-sources","C","Microsoft.PowerShell.Core\FileSystem","True","d-----","generated-test-sources","System.Collections.Generic.List`1[System.String]",,"generated-test-sources","C:\Users\pavel\Techin kontrolinis\WorkSite-Work-and-Construction-Time-Management-System\target\generated-test-sources","target","True","C:\","","5/2/2026 3:41:08 PM","5/2/2026 12:41:08 PM","5/3/2026 5:15:14 PM","5/3/2026 2:15:14 PM","5/2/2026 3:41:08 PM","5/2/2026 12:41:08 PM","Directory"
"Microsoft.PowerShell.Core\FileSystem::C:\Users\pavel\Techin kontrolinis\WorkSite-Work-and-Construction-Time-Management-System\target\test-classes","Microsoft.PowerShell.Core\FileSystem::C:\Users\pavel\Techin kontrolinis\WorkSite-Work-and-Construction-Time-Management-System\target","test-classes","C","Microsoft.PowerShell.Core\FileSystem","True","d-----","test-classes","System.Collections.Generic.List`1[System.String]",,"test-classes","C:\Users\pavel\Techin kontrolinis\WorkSite-Work-and-Construction-Time-Management-System\target\test-classes","target","True","C:\","","5/2/2026 3:41:08 PM","5/2/2026 12:41:08 PM","5/3/2026 5:12:09 PM","5/3/2026 2:12:09 PM","5/2/2026 3:41:11 PM","5/2/2026 12:41:11 PM","Directory"
"Microsoft.PowerShell.Core\FileSystem::C:\Users\pavel\Techin kontrolinis\WorkSite-Work-and-Construction-Time-Management-System\target\classes\online","Microsoft.PowerShell.Core\FileSystem::C:\Users\pavel\Techin kontrolinis\WorkSite-Work-and-Construction-Time-Management-System\target\classes","online","C","Microsoft.PowerShell.Core\FileSystem","True","d-----","online","System.Collections.Generic.List`1[System.String]",,"online","C:\Users\pavel\Techin kontrolinis\WorkSite-Work-and-Construction-Time-Management-System\target\classes\online","classes","True","C:\","","5/2/2026 3:41:08 PM","5/2/2026 12:41:08 PM","5/3/2026 5:15:14 PM","5/3/2026 2:15:14 PM","5/2/2026 3:41:08 PM","5/2/2026 12:41:08 PM","Directory"
"Microsoft.PowerShell.Core\FileSystem::C:\Users\pavel\Techin kontrolinis\WorkSite-Work-and-Construction-Time-Management-System\target\classes\application.properties","Microsoft.PowerShell.Core\FileSystem::C:\Users\pavel\Techin kontrolinis\WorkSite-Work-and-Construction-Time-Management-System\target\classes","application.properties","C","Microsoft.PowerShell.Core\FileSystem","False","-a----","application","System.Collections.Generic.List`1[System.String]",,"application.properties","C:\Users\pavel\Techin kontrolinis\WorkSite-Work-and-Construction-Time-Management-System\target\classes\application.properties",,"True",,".properties","4/28/2026 4:34:27 PM","4/28/2026 1:34:27 PM","5/3/2026 7:43:19 AM","5/3/2026 4:43:19 AM","5/2/2026 3:41:03 PM","5/2/2026 12:41:03 PM","Archive"
"Microsoft.PowerShell.Core\FileSystem::C:\Users\pavel\Techin kontrolinis\WorkSite-Work-and-Construction-Time-Management-System\target\classes\online\nonamelab","Microsoft.PowerShell.Core\FileSystem::C:\Users\pavel\Techin kontrolinis\WorkSite-Work-and-Construction-Time-Management-System\target\classes\online","nonamelab","C","Microsoft.PowerShell.Core\FileSystem","True","d-----","nonamelab","System.Collections.Generic.List`1[System.String]",,"nonamelab","C:\Users\pavel\Techin kontrolinis\WorkSite-Work-and-Construction-Time-Management-System\target\classes\online\nonamelab","online","True","C:\","","5/2/2026 3:41:08 PM","5/2/2026 12:41:08 PM","5/3/2026 5:15:14 PM","5/3/2026 2:15:14 PM","5/2/2026 3:41:08 PM","5/2/2026 12:41:08 PM","Directory"
"Microsoft.PowerShell.Core\FileSystem::C:\Users\pavel\Techin kontrolinis\WorkSite-Work-and-Construction-Time-Management-System\target\classes\online\nonamelab\WorkSite","Microsoft.PowerShell.Core\FileSystem::C:\Users\pavel\Techin kontrolinis\WorkSite-Work-and-Construction-Time-Management-System\target\classes\online\nonamelab","WorkSite","C","Microsoft.PowerShell.Core\FileSystem","True","d-----","WorkSite","System.Collections.Generic.List`1[System.String]",,"WorkSite","C:\Users\pavel\Techin kontrolinis\WorkSite-Work-and-Construction-Time-Management-System\target\classes\online\nonamelab\WorkSite","nonamelab","True","C:\","","5/2/2026 3:41:08 PM","5/2/2026 12:41:08 PM","5/3/2026 5:15:14 PM","5/3/2026 2:15:14 PM","5/2/2026 3:41:08 PM","5/2/2026 12:41:08 PM","Directory"
"Microsoft.PowerShell.Core\FileSystem::C:\Users\pavel\Techin kontrolinis\WorkSite-Work-and-Construction-Time-Management-System\target\classes\online\nonamelab\WorkSite\config","Microsoft.PowerShell.Core\FileSystem::C:\Users\pavel\Techin kontrolinis\WorkSite-Work-and-Construction-Time-Management-System\target\classes\online\nonamelab\WorkSite","config","C","Microsoft.PowerShell.Core\FileSystem","True","d-----","config","System.Collections.Generic.List`1[System.String]",,"config","C:\Users\pavel\Techin kontrolinis\WorkSite-Work-and-Construction-Time-Management-System\target\classes\online\nonamelab\WorkSite\config","WorkSite","True","C:\","","5/2/2026 3:41:08 PM","5/2/2026 12:41:08 PM","5/3/2026 5:15:14 PM","5/3/2026 2:15:14 PM","5/2/2026 3:41:08 PM","5/2/2026 12:41:08 PM","Directory"
"Microsoft.PowerShell.Core\FileSystem::C:\Users\pavel\Techin kontrolinis\WorkSite-Work-and-Construction-Time-Management-System\target\classes\online\nonamelab\WorkSite\controller","Microsoft.PowerShell.Core\FileSystem::C:\Users\pavel\Techin kontrolinis\WorkSite-Work-and-Construction-Time-Management-System\target\classes\online\nonamelab\WorkSite","controller","C","Microsoft.PowerShell.Core\FileSystem","True","d-----","controller","System.Collections.Generic.List`1[System.String]",,"controller","C:\Users\pavel\Techin kontrolinis\WorkSite-Work-and-Construction-Time-Management-System\target\classes\online\nonamelab\WorkSite\controller","WorkSite","True","C:\","","5/2/2026 3:41:08 PM","5/2/2026 12:41:08 PM","5/3/2026 5:15:14 PM","5/3/2026 2:15:14 PM","5/3/2026 7:45:47 AM","5/3/2026 4:45:47 AM","Directory"
"Microsoft.PowerShell.Core\FileSystem::C:\Users\pavel\Techin kontrolinis\WorkSite-Work-and-Construction-Time-Management-System\target\classes\online\nonamelab\WorkSite\dto","Microsoft.PowerShell.Core\FileSystem::C:\Users\pavel\Techin kontrolinis\WorkSite-Work-and-Construction-Time-Management-System\target\classes\online\nonamelab\WorkSite","dto","C","Microsoft.PowerShell.Core\FileSystem","True","d-----","dto","System.Collections.Generic.List`1[System.String]",,"dto","C:\Users\pavel\Techin kontrolinis\WorkSite-Work-and-Construction-Time-Management-System\target\classes\online\nonamelab\WorkSite\dto","WorkSite","True","C:\","","5/2/2026 3:41:08 PM","5/2/2026 12:41:08 PM","5/3/2026 5:15:14 PM","5/3/2026 2:15:14 PM","5/3/2026 7:43:17 AM","5/3/2026 4:43:17 AM","Directory"
"Microsoft.PowerShell.Core\FileSystem::C:\Users\pavel\Techin kontrolinis\WorkSite-Work-and-Construction-Time-Management-System\target\classes\online\nonamelab\WorkSite\exception","Microsoft.PowerShell.Core\FileSystem::C:\Users\pavel\Techin kontrolinis\WorkSite-Work-and-Construction-Time-Management-System\target\classes\online\nonamelab\WorkSite","exception","C","Microsoft.PowerShell.Core\FileSystem","True","d-----","exception","System.Collections.Generic.List`1[System.String]",,"exception","C:\Users\pavel\Techin kontrolinis\WorkSite-Work-and-Construction-Time-Management-System\target\classes\online\nonamelab\WorkSite\exception","WorkSite","True","C:\","","5/2/2026 3:41:08 PM","5/2/2026 12:41:08 PM","5/3/2026 5:15:14 PM","5/3/2026 2:15:14 PM","5/2/2026 3:41:08 PM","5/2/2026 12:41:08 PM","Directory"
"Microsoft.PowerShell.Core\FileSystem::C:\Users\pavel\Techin kontrolinis\WorkSite-Work-and-Construction-Time-Management-System\target\classes\online\nonamelab\WorkSite\model","Microsoft.PowerShell.Core\FileSystem::C:\Users\pavel\Techin kontrolinis\WorkSite-Work-and-Construction-Time-Management-System\target\classes\online\nonamelab\WorkSite","model","C","Microsoft.PowerShell.Core\FileSystem","True","d-----","model","System.Collections.Generic.List`1[System.String]",,"model","C:\Users\pavel\Techin kontrolinis\WorkSite-Work-and-Construction-Time-Management-System\target\classes\online\nonamelab\WorkSite\model","WorkSite","True","C:\","","5/2/2026 3:41:08 PM","5/2/2026 12:41:08 PM","5/3/2026 5:15:14 PM","5/3/2026 2:15:14 PM","5/2/2026 6:02:03 PM","5/2/2026 3:02:03 PM","Directory"
"Microsoft.PowerShell.Core\FileSystem::C:\Users\pavel\Techin kontrolinis\WorkSite-Work-and-Construction-Time-Management-System\target\classes\online\nonamelab\WorkSite\repository","Microsoft.PowerShell.Core\FileSystem::C:\Users\pavel\Techin kontrolinis\WorkSite-Work-and-Construction-Time-Management-System\target\classes\online\nonamelab\WorkSite","repository","C","Microsoft.PowerShell.Core\FileSystem","True","d-----","repository","System.Collections.Generic.List`1[System.String]",,"repository","C:\Users\pavel\Techin kontrolinis\WorkSite-Work-and-Construction-Time-Management-System\target\classes\online\nonamelab\WorkSite\repository","WorkSite","True","C:\","","5/2/2026 3:41:08 PM","5/2/2026 12:41:08 PM","5/3/2026 5:15:14 PM","5/3/2026 2:15:14 PM","5/3/2026 7:43:17 AM","5/3/2026 4:43:17 AM","Directory"
"Microsoft.PowerShell.Core\FileSystem::C:\Users\pavel\Techin kontrolinis\WorkSite-Work-and-Construction-Time-Management-System\target\classes\online\nonamelab\WorkSite\security","Microsoft.PowerShell.Core\FileSystem::C:\Users\pavel\Techin kontrolinis\WorkSite-Work-and-Construction-Time-Management-System\target\classes\online\nonamelab\WorkSite","security","C","Microsoft.PowerShell.Core\FileSystem","True","d-----","security","System.Collections.Generic.List`1[System.String]",,"security","C:\Users\pavel\Techin kontrolinis\WorkSite-Work-and-Construction-Time-Management-System\target\classes\online\nonamelab\WorkSite\security","WorkSite","True","C:\","","5/2/2026 3:41:08 PM","5/2/2026 12:41:08 PM","5/3/2026 5:15:14 PM","5/3/2026 2:15:14 PM","5/2/2026 3:41:08 PM","5/2/2026 12:41:08 PM","Directory"
"Microsoft.PowerShell.Core\FileSystem::C:\Users\pavel\Techin kontrolinis\WorkSite-Work-and-Construction-Time-Management-System\target\classes\online\nonamelab\WorkSite\service","Microsoft.PowerShell.Core\FileSystem::C:\Users\pavel\Techin kontrolinis\WorkSite-Work-and-Construction-Time-Management-System\target\classes\online\nonamelab\WorkSite","service","C","Microsoft.PowerShell.Core\FileSystem","True","d-----","service","System.Collections.Generic.List`1[System.String]",,"service","C:\Users\pavel\Techin kontrolinis\WorkSite-Work-and-Construction-Time-Management-System\target\classes\online\nonamelab\WorkSite\service","WorkSite","True","C:\","","5/2/2026 3:41:08 PM","5/2/2026 12:41:08 PM","5/3/2026 5:15:14 PM","5/3/2026 2:15:14 PM","5/3/2026 7:43:17 AM","5/3/2026 4:43:17 AM","Directory"
"Microsoft.PowerShell.Core\FileSystem::C:\Users\pavel\Techin kontrolinis\WorkSite-Work-and-Construction-Time-Management-System\target\classes\online\nonamelab\WorkSite\WorkSiteApplication.class","Microsoft.PowerShell.Core\FileSystem::C:\Users\pavel\Techin kontrolinis\WorkSite-Work-and-Construction-Time-Management-System\target\classes\online\nonamelab\WorkSite","WorkSiteApplication.class","C","Microsoft.PowerShell.Core\FileSystem","False","-a----","WorkSiteApplication","System.Collections.Generic.List`1[System.String]",,"WorkSiteApplication.class","C:\Users\pavel\Techin kontrolinis\WorkSite-Work-and-Construction-Time-Management-System\target\classes\online\nonamelab\WorkSite\WorkSiteApplication.class",,"True",,".class","5/2/2026 3:41:08 PM","5/2/2026 12:41:08 PM","5/3/2026 7:43:18 AM","5/3/2026 4:43:18 AM","5/2/2026 3:41:08 PM","5/2/2026 12:41:08 PM","Archive"
"Microsoft.PowerShell.Core\FileSystem::C:\Users\pavel\Techin kontrolinis\WorkSite-Work-and-Construction-Time-Management-System\target\classes\online\nonamelab\WorkSite\config\SecurityConfig.class","Microsoft.PowerShell.Core\FileSystem::C:\Users\pavel\Techin kontrolinis\WorkSite-Work-and-Construction-Time-Management-System\target\classes\online\nonamelab\WorkSite\config","SecurityConfig.class","C","Microsoft.PowerShell.Core\FileSystem","False","-a----","SecurityConfig","System.Collections.Generic.List`1[System.String]",,"SecurityConfig.class","C:\Users\pavel\Techin kontrolinis\WorkSite-Work-and-Construction-Time-Management-System\target\classes\online\nonamelab\WorkSite\config\SecurityConfig.class",,"True",,".class","5/2/2026 3:41:08 PM","5/2/2026 12:41:08 PM","5/3/2026 7:43:19 AM","5/3/2026 4:43:19 AM","5/2/2026 3:41:08 PM","5/2/2026 12:41:08 PM","Archive"
"Microsoft.PowerShell.Core\FileSystem::C:\Users\pavel\Techin kontrolinis\WorkSite-Work-and-Construction-Time-Management-System\target\classes\online\nonamelab\WorkSite\controller\AuthController.class","Microsoft.PowerShell.Core\FileSystem::C:\Users\pavel\Techin kontrolinis\WorkSite-Work-and-Construction-Time-Management-System\target\classes\online\nonamelab\WorkSite\controller","AuthController.class","C","Microsoft.PowerShell.Core\FileSystem","False","-a----","AuthController","System.Collections.Generic.List`1[System.String]",,"AuthController.class","C:\Users\pavel\Techin kontrolinis\WorkSite-Work-and-Construction-Time-Management-System\target\classes\online\nonamelab\WorkSite\controller\AuthController.class",,"True",,".class","5/2/2026 3:41:08 PM","5/2/2026 12:41:08 PM","5/3/2026 7:43:19 AM","5/3/2026 4:43:19 AM","5/2/2026 3:41:08 PM","5/2/2026 12:41:08 PM","Archive"
"Microsoft.PowerShell.Core\FileSystem::C:\Users\pavel\Techin kontrolinis\WorkSite-Work-and-Construction-Time-Management-System\target\classes\online\nonamelab\WorkSite\controller\ConstructionSiteController.class","Microsoft.PowerShell.Core\FileSystem::C:\Users\pavel\Techin kontrolinis\WorkSite-Work-and-Construction-Time-Management-System\target\classes\online\nonamelab\WorkSite\controller","ConstructionSiteController.class","C","Microsoft.PowerShell.Core\FileSystem","False","-a----","ConstructionSiteController","System.Collections.Generic.List`1[System.String]",,"ConstructionSiteController.class","C:\Users\pavel\Techin kontrolinis\WorkSite-Work-and-Construction-Time-Management-System\target\classes\online\nonamelab\WorkSite\controller\ConstructionSiteController.class",,"True",,".class","5/2/2026 3:41:08 PM","5/2/2026 12:41:08 PM","5/3/2026 7:43:19 AM","5/3/2026 4:43:19 AM","5/2/2026 3:41:08 PM","5/2/2026 12:41:08 PM","Archive"
"Microsoft.PowerShell.Core\FileSystem::C:\Users\pavel\Techin kontrolinis\WorkSite-Work-and-Construction-Time-Management-System\target\classes\online\nonamelab\WorkSite\controller\TimeEntryController.class","Microsoft.PowerShell.Core\FileSystem::C:\Users\pavel\Techin kontrolinis\WorkSite-Work-and-Construction-Time-Management-System\target\classes\online\nonamelab\WorkSite\controller","TimeEntryController.class","C","Microsoft.PowerShell.Core\FileSystem","False","-a----","TimeEntryController","System.Collections.Generic.List`1[System.String]",,"TimeEntryController.class","C:\Users\pavel\Techin kontrolinis\WorkSite-Work-and-Construction-Time-Management-System\target\classes\online\nonamelab\WorkSite\controller\TimeEntryController.class",,"True",,".class","5/3/2026 7:43:17 AM","5/3/2026 4:43:17 AM","5/3/2026 7:45:47 AM","5/3/2026 4:45:47 AM","5/3/2026 7:45:47 AM","5/3/2026 4:45:47 AM","Archive"
"Microsoft.PowerShell.Core\FileSystem::C:\Users\pavel\Techin kontrolinis\WorkSite-Work-and-Construction-Time-Management-System\target\classes\online\nonamelab\WorkSite\controller\UserController.class","Microsoft.PowerShell.Core\FileSystem::C:\Users\pavel\Techin kontrolinis\WorkSite-Work-and-Construction-Time-Management-System\target\classes\online\nonamelab\WorkSite\controller","UserController.class","C","Microsoft.PowerShell.Core\FileSystem","False","-a----","UserController","System.Collections.Generic.List`1[System.String]",,"UserController.class","C:\Users\pavel\Techin kontrolinis\WorkSite-Work-and-Construction-Time-Management-System\target\classes\online\nonamelab\WorkSite\controller\UserController.class",,"True",,".class","5/2/2026 3:41:08 PM","5/2/2026 12:41:08 PM","5/3/2026 7:43:19 AM","5/3/2026 4:43:19 AM","5/2/2026 3:41:08 PM","5/2/2026 12:41:08 PM","Archive"
"Microsoft.PowerShell.Core\FileSystem::C:\Users\pavel\Techin kontrolinis\WorkSite-Work-and-Construction-Time-Management-System\target\classes\online\nonamelab\WorkSite\dto\AuthResponse.class","Microsoft.PowerShell.Core\FileSystem::C:\Users\pavel\Techin kontrolinis\WorkSite-Work-and-Construction-Time-Management-System\target\classes\online\nonamelab\WorkSite\dto","AuthResponse.class","C","Microsoft.PowerShell.Core\FileSystem","False","-a----","AuthResponse","System.Collections.Generic.List`1[System.String]",,"AuthResponse.class","C:\Users\pavel\Techin kontrolinis\WorkSite-Work-and-Construction-Time-Management-System\target\classes\online\nonamelab\WorkSite\dto\AuthResponse.class",,"True",,".class","5/2/2026 3:41:08 PM","5/2/2026 12:41:08 PM","5/3/2026 7:43:19 AM","5/3/2026 4:43:19 AM","5/2/2026 3:41:08 PM","5/2/2026 12:41:08 PM","Archive"
"Microsoft.PowerShell.Core\FileSystem::C:\Users\pavel\Techin kontrolinis\WorkSite-Work-and-Construction-Time-Management-System\target\classes\online\nonamelab\WorkSite\dto\CreateSiteRequest.class","Microsoft.PowerShell.Core\FileSystem::C:\Users\pavel\Techin kontrolinis\WorkSite-Work-and-Construction-Time-Management-System\target\classes\online\nonamelab\WorkSite\dto","CreateSiteRequest.class","C","Microsoft.PowerShell.Core\FileSystem","False","-a----","CreateSiteRequest","System.Collections.Generic.List`1[System.String]",,"CreateSiteRequest.class","C:\Users\pavel\Techin kontrolinis\WorkSite-Work-and-Construction-Time-Management-System\target\classes\online\nonamelab\WorkSite\dto\CreateSiteRequest.class",,"True",,".class","5/2/2026 3:41:08 PM","5/2/2026 12:41:08 PM","5/3/2026 7:43:19 AM","5/3/2026 4:43:19 AM","5/2/2026 3:41:08 PM","5/2/2026 12:41:08 PM","Archive"
"Microsoft.PowerShell.Core\FileSystem::C:\Users\pavel\Techin kontrolinis\WorkSite-Work-and-Construction-Time-Management-System\target\classes\online\nonamelab\WorkSite\dto\CreateTimeEntryProjectRequest.class","Microsoft.PowerShell.Core\FileSystem::C:\Users\pavel\Techin kontrolinis\WorkSite-Work-and-Construction-Time-Management-System\target\classes\online\nonamelab\WorkSite\dto","CreateTimeEntryProjectRequest.class","C","Microsoft.PowerShell.Core\FileSystem","False","-a----","CreateTimeEntryProjectRequest","System.Collections.Generic.List`1[System.String]",,"CreateTimeEntryProjectRequest.class","C:\Users\pavel\Techin kontrolinis\WorkSite-Work-and-Construction-Time-Management-System\target\classes\online\nonamelab\WorkSite\dto\CreateTimeEntryProjectRequest.class",,"True",,".class","5/2/2026 6:02:03 PM","5/2/2026 3:02:03 PM","5/3/2026 7:43:17 AM","5/3/2026 4:43:17 AM","5/2/2026 6:02:03 PM","5/2/2026 3:02:03 PM","Archive"
"Microsoft.PowerShell.Core\FileSystem::C:\Users\pavel\Techin kontrolinis\WorkSite-Work-and-Construction-Time-Management-System\target\classes\online\nonamelab\WorkSite\dto\CreateTimeEntryRequest.class","Microsoft.PowerShell.Core\FileSystem::C:\Users\pavel\Techin kontrolinis\WorkSite-Work-and-Construction-Time-Management-System\target\classes\online\nonamelab\WorkSite\dto","CreateTimeEntryRequest.class","C","Microsoft.PowerShell.Core\FileSystem","False","-a----","CreateTimeEntryRequest","System.Collections.Generic.List`1[System.String]",,"CreateTimeEntryRequest.class","C:\Users\pavel\Techin kontrolinis\WorkSite-Work-and-Construction-Time-Management-System\target\classes\online\nonamelab\WorkSite\dto\CreateTimeEntryRequest.class",,"True",,".class","5/2/2026 3:41:08 PM","5/2/2026 12:41:08 PM","5/3/2026 7:43:17 AM","5/3/2026 4:43:17 AM","5/3/2026 7:43:17 AM","5/3/2026 4:43:17 AM","Archive"
"Microsoft.PowerShell.Core\FileSystem::C:\Users\pavel\Techin kontrolinis\WorkSite-Work-and-Construction-Time-Management-System\target\classes\online\nonamelab\WorkSite\dto\CreateUserRequest.class","Microsoft.PowerShell.Core\FileSystem::C:\Users\pavel\Techin kontrolinis\WorkSite-Work-and-Construction-Time-Management-System\target\classes\online\nonamelab\WorkSite\dto","CreateUserRequest.class","C","Microsoft.PowerShell.Core\FileSystem","False","-a----","CreateUserRequest","System.Collections.Generic.List`1[System.String]",,"CreateUserRequest.class","C:\Users\pavel\Techin kontrolinis\WorkSite-Work-and-Construction-Time-Management-System\target\classes\online\nonamelab\WorkSite\dto\CreateUserRequest.class",,"True",,".class","5/2/2026 3:41:08 PM","5/2/2026 12:41:08 PM","5/3/2026 7:43:19 AM","5/3/2026 4:43:19 AM","5/2/2026 3:41:08 PM","5/2/2026 12:41:08 PM","Archive"
"Microsoft.PowerShell.Core\FileSystem::C:\Users\pavel\Techin kontrolinis\WorkSite-Work-and-Construction-Time-Management-System\target\classes\online\nonamelab\WorkSite\dto\LoginRequest.class","Microsoft.PowerShell.Core\FileSystem::C:\Users\pavel\Techin kontrolinis\WorkSite-Work-and-Construction-Time-Management-System\target\classes\online\nonamelab\WorkSite\dto","LoginRequest.class","C","Microsoft.PowerShell.Core\FileSystem","False","-a----","LoginRequest","System.Collections.Generic.List`1[System.String]",,"LoginRequest.class","C:\Users\pavel\Techin kontrolinis\WorkSite-Work-and-Construction-Time-Management-System\target\classes\online\nonamelab\WorkSite\dto\LoginRequest.class",,"True",,".class","5/2/2026 3:41:08 PM","5/2/2026 12:41:08 PM","5/3/2026 7:43:19 AM","5/3/2026 4:43:19 AM","5/2/2026 3:41:08 PM","5/2/2026 12:41:08 PM","Archive"
"Microsoft.PowerShell.Core\FileSystem::C:\Users\pavel\Techin kontrolinis\WorkSite-Work-and-Construction-Time-Management-System\target\classes\online\nonamelab\WorkSite\dto\SiteMapper.class","Microsoft.PowerShell.Core\FileSystem::C:\Users\pavel\Techin kontrolinis\WorkSite-Work-and-Construction-Time-Management-System\target\classes\online\nonamelab\WorkSite\dto","SiteMapper.class","C","Microsoft.PowerShell.Core\FileSystem","False","-a----","SiteMapper","System.Collections.Generic.List`1[System.String]",,"SiteMapper.class","C:\Users\pavel\Techin kontrolinis\WorkSite-Work-and-Construction-Time-Management-System\target\classes\online\nonamelab\WorkSite\dto\SiteMapper.class",,"True",,".class","5/2/2026 3:41:08 PM","5/2/2026 12:41:08 PM","5/3/2026 7:43:19 AM","5/3/2026 4:43:19 AM","5/2/2026 3:41:08 PM","5/2/2026 12:41:08 PM","Archive"
"Microsoft.PowerShell.Core\FileSystem::C:\Users\pavel\Techin kontrolinis\WorkSite-Work-and-Construction-Time-Management-System\target\classes\online\nonamelab\WorkSite\dto\SiteResponse.class","Microsoft.PowerShell.Core\FileSystem::C:\Users\pavel\Techin kontrolinis\WorkSite-Work-and-Construction-Time-Management-System\target\classes\online\nonamelab\WorkSite\dto","SiteResponse.class","C","Microsoft.PowerShell.Core\FileSystem","False","-a----","SiteResponse","System.Collections.Generic.List`1[System.String]",,"SiteResponse.class","C:\Users\pavel\Techin kontrolinis\WorkSite-Work-and-Construction-Time-Management-System\target\classes\online\nonamelab\WorkSite\dto\SiteResponse.class",,"True",,".class","5/2/2026 3:41:08 PM","5/2/2026 12:41:08 PM","5/3/2026 7:43:19 AM","5/3/2026 4:43:19 AM","5/2/2026 3:41:08 PM","5/2/2026 12:41:08 PM","Archive"
"Microsoft.PowerShell.Core\FileSystem::C:\Users\pavel\Techin kontrolinis\WorkSite-Work-and-Construction-Time-Management-System\target\classes\online\nonamelab\WorkSite\dto\TimeEntryMapper.class","Microsoft.PowerShell.Core\FileSystem::C:\Users\pavel\Techin kontrolinis\WorkSite-Work-and-Construction-Time-Management-System\target\classes\online\nonamelab\WorkSite\dto","TimeEntryMapper.class","C","Microsoft.PowerShell.Core\FileSystem","False","-a----","TimeEntryMapper","System.Collections.Generic.List`1[System.String]",,"TimeEntryMapper.class","C:\Users\pavel\Techin kontrolinis\WorkSite-Work-and-Construction-Time-Management-System\target\classes\online\nonamelab\WorkSite\dto\TimeEntryMapper.class",,"True",,".class","5/2/2026 6:02:03 PM","5/2/2026 3:02:03 PM","5/3/2026 7:43:17 AM","5/3/2026 4:43:17 AM","5/2/2026 6:02:03 PM","5/2/2026 3:02:03 PM","Archive"
"Microsoft.PowerShell.Core\FileSystem::C:\Users\pavel\Techin kontrolinis\WorkSite-Work-and-Construction-Time-Management-System\target\classes\online\nonamelab\WorkSite\dto\TimeEntryProjectMapper.class","Microsoft.PowerShell.Core\FileSystem::C:\Users\pavel\Techin kontrolinis\WorkSite-Work-and-Construction-Time-Management-System\target\classes\online\nonamelab\WorkSite\dto","TimeEntryProjectMapper.class","C","Microsoft.PowerShell.Core\FileSystem","False","-a----","TimeEntryProjectMapper","System.Collections.Generic.List`1[System.String]",,"TimeEntryProjectMapper.class","C:\Users\pavel\Techin kontrolinis\WorkSite-Work-and-Construction-Time-Management-System\target\classes\online\nonamelab\WorkSite\dto\TimeEntryProjectMapper.class",,"True",,".class","5/2/2026 6:02:03 PM","5/2/2026 3:02:03 PM","5/3/2026 7:43:19 AM","5/3/2026 4:43:19 AM","5/2/2026 6:02:03 PM","5/2/2026 3:02:03 PM","Archive"
"Microsoft.PowerShell.Core\FileSystem::C:\Users\pavel\Techin kontrolinis\WorkSite-Work-and-Construction-Time-Management-System\target\classes\online\nonamelab\WorkSite\dto\TimeEntryProjectResponse.class","Microsoft.PowerShell.Core\FileSystem::C:\Users\pavel\Techin kontrolinis\WorkSite-Work-and-Construction-Time-Management-System\target\classes\online\nonamelab\WorkSite\dto","TimeEntryProjectResponse.class","C","Microsoft.PowerShell.Core\FileSystem","False","-a----","TimeEntryProjectResponse","System.Collections.Generic.List`1[System.String]",,"TimeEntryProjectResponse.class","C:\Users\pavel\Techin kontrolinis\WorkSite-Work-and-Construction-Time-Management-System\target\classes\online\nonamelab\WorkSite\dto\TimeEntryProjectResponse.class",,"True",,".class","5/2/2026 6:02:03 PM","5/2/2026 3:02:03 PM","5/3/2026 7:43:19 AM","5/3/2026 4:43:19 AM","5/2/2026 6:02:03 PM","5/2/2026 3:02:03 PM","Archive"
"Microsoft.PowerShell.Core\FileSystem::C:\Users\pavel\Techin kontrolinis\WorkSite-Work-and-Construction-Time-Management-System\target\classes\online\nonamelab\WorkSite\dto\TimeEntryResponse.class","Microsoft.PowerShell.Core\FileSystem::C:\Users\pavel\Techin kontrolinis\WorkSite-Work-and-Construction-Time-Management-System\target\classes\online\nonamelab\WorkSite\dto","TimeEntryResponse.class","C","Microsoft.PowerShell.Core\FileSystem","False","-a----","TimeEntryResponse","System.Collections.Generic.List`1[System.String]",,"TimeEntryResponse.class","C:\Users\pavel\Techin kontrolinis\WorkSite-Work-and-Construction-Time-Management-System\target\classes\online\nonamelab\WorkSite\dto\TimeEntryResponse.class",,"True",,".class","5/2/2026 6:02:03 PM","5/2/2026 3:02:03 PM","5/3/2026 7:43:17 AM","5/3/2026 4:43:17 AM","5/2/2026 6:02:03 PM","5/2/2026 3:02:03 PM","Archive"
"Microsoft.PowerShell.Core\FileSystem::C:\Users\pavel\Techin kontrolinis\WorkSite-Work-and-Construction-Time-Management-System\target\classes\online\nonamelab\WorkSite\dto\UpdateMeRequest.class","Microsoft.PowerShell.Core\FileSystem::C:\Users\pavel\Techin kontrolinis\WorkSite-Work-and-Construction-Time-Management-System\target\classes\online\nonamelab\WorkSite\dto","UpdateMeRequest.class","C","Microsoft.PowerShell.Core\FileSystem","False","-a----","UpdateMeRequest","System.Collections.Generic.List`1[System.String]",,"UpdateMeRequest.class","C:\Users\pavel\Techin kontrolinis\WorkSite-Work-and-Construction-Time-Management-System\target\classes\online\nonamelab\WorkSite\dto\UpdateMeRequest.class",,"True",,".class","5/2/2026 3:41:08 PM","5/2/2026 12:41:08 PM","5/3/2026 7:43:19 AM","5/3/2026 4:43:19 AM","5/2/2026 3:41:08 PM","5/2/2026 12:41:08 PM","Archive"
"Microsoft.PowerShell.Core\FileSystem::C:\Users\pavel\Techin kontrolinis\WorkSite-Work-and-Construction-Time-Management-System\target\classes\online\nonamelab\WorkSite\dto\UpdateSiteRequest.class","Microsoft.PowerShell.Core\FileSystem::C:\Users\pavel\Techin kontrolinis\WorkSite-Work-and-Construction-Time-Management-System\target\classes\online\nonamelab\WorkSite\dto","UpdateSiteRequest.class","C","Microsoft.PowerShell.Core\FileSystem","False","-a----","UpdateSiteRequest","System.Collections.Generic.List`1[System.String]",,"UpdateSiteRequest.class","C:\Users\pavel\Techin kontrolinis\WorkSite-Work-and-Construction-Time-Management-System\target\classes\online\nonamelab\WorkSite\dto\UpdateSiteRequest.class",,"True",,".class","5/2/2026 3:41:08 PM","5/2/2026 12:41:08 PM","5/3/2026 7:43:19 AM","5/3/2026 4:43:19 AM","5/2/2026 3:41:08 PM","5/2/2026 12:41:08 PM","Archive"
"Microsoft.PowerShell.Core\FileSystem::C:\Users\pavel\Techin kontrolinis\WorkSite-Work-and-Construction-Time-Management-System\target\classes\online\nonamelab\WorkSite\dto\UpdateTimeEntryRequest.class","Microsoft.PowerShell.Core\FileSystem::C:\Users\pavel\Techin kontrolinis\WorkSite-Work-and-Construction-Time-Management-System\target\classes\online\nonamelab\WorkSite\dto","UpdateTimeEntryRequest.class","C","Microsoft.PowerShell.Core\FileSystem","False","-a----","UpdateTimeEntryRequest","System.Collections.Generic.List`1[System.String]",,"UpdateTimeEntryRequest.class","C:\Users\pavel\Techin kontrolinis\WorkSite-Work-and-Construction-Time-Management-System\target\classes\online\nonamelab\WorkSite\dto\UpdateTimeEntryRequest.class",,"True",,".class","5/2/2026 3:41:08 PM","5/2/2026 12:41:08 PM","5/3/2026 7:43:19 AM","5/3/2026 4:43:19 AM","5/2/2026 3:41:08 PM","5/2/2026 12:41:08 PM","Archive"
"Microsoft.PowerShell.Core\FileSystem::C:\Users\pavel\Techin kontrolinis\WorkSite-Work-and-Construction-Time-Management-System\target\classes\online\nonamelab\WorkSite\dto\UpdateUserRequest.class","Microsoft.PowerShell.Core\FileSystem::C:\Users\pavel\Techin kontrolinis\WorkSite-Work-and-Construction-Time-Management-System\target\classes\online\nonamelab\WorkSite\dto","UpdateUserRequest.class","C","Microsoft.PowerShell.Core\FileSystem","False","-a----","UpdateUserRequest","System.Collections.Generic.List`1[System.String]",,"UpdateUserRequest.class","C:\Users\pavel\Techin kontrolinis\WorkSite-Work-and-Construction-Time-Management-System\target\classes\online\nonamelab\WorkSite\dto\UpdateUserRequest.class",,"True",,".class","5/2/2026 3:41:08 PM","5/2/2026 12:41:08 PM","5/3/2026 7:43:19 AM","5/3/2026 4:43:19 AM","5/2/2026 3:41:08 PM","5/2/2026 12:41:08 PM","Archive"
"Microsoft.PowerShell.Core\FileSystem::C:\Users\pavel\Techin kontrolinis\WorkSite-Work-and-Construction-Time-Management-System\target\classes\online\nonamelab\WorkSite\dto\UserMapper.class","Microsoft.PowerShell.Core\FileSystem::C:\Users\pavel\Techin kontrolinis\WorkSite-Work-and-Construction-Time-Management-System\target\classes\online\nonamelab\WorkSite\dto","UserMapper.class","C","Microsoft.PowerShell.Core\FileSystem","False","-a----","UserMapper","System.Collections.Generic.List`1[System.String]",,"UserMapper.class","C:\Users\pavel\Techin kontrolinis\WorkSite-Work-and-Construction-Time-Management-System\target\classes\online\nonamelab\WorkSite\dto\UserMapper.class",,"True",,".class","5/2/2026 3:41:08 PM","5/2/2026 12:41:08 PM","5/3/2026 7:43:19 AM","5/3/2026 4:43:19 AM","5/2/2026 3:41:08 PM","5/2/2026 12:41:08 PM","Archive"
"Microsoft.PowerShell.Core\FileSystem::C:\Users\pavel\Techin kontrolinis\WorkSite-Work-and-Construction-Time-Management-System\target\classes\online\nonamelab\WorkSite\dto\UserResponse.class","Microsoft.PowerShell.Core\FileSystem::C:\Users\pavel\Techin kontrolinis\WorkSite-Work-and-Construction-Time-Management-System\target\classes\online\nonamelab\WorkSite\dto","UserResponse.class","C","Microsoft.PowerShell.Core\FileSystem","False","-a----","UserResponse","System.Collections.Generic.List`1[System.String]",,"UserResponse.class","C:\Users\pavel\Techin kontrolinis\WorkSite-Work-and-Construction-Time-Management-System\target\classes\online\nonamelab\WorkSite\dto\UserResponse.class",,"True",,".class","5/2/2026 3:41:08 PM","5/2/2026 12:41:08 PM","5/3/2026 7:43:19 AM","5/3/2026 4:43:19 AM","5/2/2026 3:41:08 PM","5/2/2026 12:41:08 PM","Archive"
"Microsoft.PowerShell.Core\FileSystem::C:\Users\pavel\Techin kontrolinis\WorkSite-Work-and-Construction-Time-Management-System\target\classes\online\nonamelab\WorkSite\exception\core","Microsoft.PowerShell.Core\FileSystem::C:\Users\pavel\Techin kontrolinis\WorkSite-Work-and-Construction-Time-Management-System\target\classes\online\nonamelab\WorkSite\exception","core","C","Microsoft.PowerShell.Core\FileSystem","True","d-----","core","System.Collections.Generic.List`1[System.String]",,"core","C:\Users\pavel\Techin kontrolinis\WorkSite-Work-and-Construction-Time-Management-System\target\classes\online\nonamelab\WorkSite\exception\core","exception","True","C:\","","5/2/2026 3:41:08 PM","5/2/2026 12:41:08 PM","5/3/2026 5:15:14 PM","5/3/2026 2:15:14 PM","5/2/2026 3:41:08 PM","5/2/2026 12:41:08 PM","Directory"
"Microsoft.PowerShell.Core\FileSystem::C:\Users\pavel\Techin kontrolinis\WorkSite-Work-and-Construction-Time-Management-System\target\classes\online\nonamelab\WorkSite\exception\site","Microsoft.PowerShell.Core\FileSystem::C:\Users\pavel\Techin kontrolinis\WorkSite-Work-and-Construction-Time-Management-System\target\classes\online\nonamelab\WorkSite\exception","site","C","Microsoft.PowerShell.Core\FileSystem","True","d-----","site","System.Collections.Generic.List`1[System.String]",,"site","C:\Users\pavel\Techin kontrolinis\WorkSite-Work-and-Construction-Time-Management-System\target\classes\online\nonamelab\WorkSite\exception\site","exception","True","C:\","","5/2/2026 3:41:08 PM","5/2/2026 12:41:08 PM","5/3/2026 5:15:14 PM","5/3/2026 2:15:14 PM","5/2/2026 3:41:08 PM","5/2/2026 12:41:08 PM","Directory"
"Microsoft.PowerShell.Core\FileSystem::C:\Users\pavel\Techin kontrolinis\WorkSite-Work-and-Construction-Time-Management-System\target\classes\online\nonamelab\WorkSite\exception\user","Microsoft.PowerShell.Core\FileSystem::C:\Users\pavel\Techin kontrolinis\WorkSite-Work-and-Construction-Time-Management-System\target\classes\online\nonamelab\WorkSite\exception","user","C","Microsoft.PowerShell.Core\FileSystem","True","d-----","user","System.Collections.Generic.List`1[System.String]",,"user","C:\Users\pavel\Techin kontrolinis\WorkSite-Work-and-Construction-Time-Management-System\target\classes\online\nonamelab\WorkSite\exception\user","exception","True","C:\","","5/2/2026 3:41:08 PM","5/2/2026 12:41:08 PM","5/3/2026 5:15:14 PM","5/3/2026 2:15:14 PM","5/2/2026 3:41:08 PM","5/2/2026 12:41:08 PM","Directory"
"Microsoft.PowerShell.Core\FileSystem::C:\Users\pavel\Techin kontrolinis\WorkSite-Work-and-Construction-Time-Management-System\target\classes\online\nonamelab\WorkSite\exception\ApiError.class","Microsoft.PowerShell.Core\FileSystem::C:\Users\pavel\Techin kontrolinis\WorkSite-Work-and-Construction-Time-Management-System\target\classes\online\nonamelab\WorkSite\exception","ApiError.class","C","Microsoft.PowerShell.Core\FileSystem","False","-a----","ApiError","System.Collections.Generic.List`1[System.String]",,"ApiError.class","C:\Users\pavel\Techin kontrolinis\WorkSite-Work-and-Construction-Time-Management-System\target\classes\online\nonamelab\WorkSite\exception\ApiError.class",,"True",,".class","5/2/2026 3:41:08 PM","5/2/2026 12:41:08 PM","5/3/2026 7:43:19 AM","5/3/2026 4:43:19 AM","5/2/2026 3:41:08 PM","5/2/2026 12:41:08 PM","Archive"
"Microsoft.PowerShell.Core\FileSystem::C:\Users\pavel\Techin kontrolinis\WorkSite-Work-and-Construction-Time-Management-System\target\classes\online\nonamelab\WorkSite\exception\ApiFieldError.class","Microsoft.PowerShell.Core\FileSystem::C:\Users\pavel\Techin kontrolinis\WorkSite-Work-and-Construction-Time-Management-System\target\classes\online\nonamelab\WorkSite\exception","ApiFieldError.class","C","Microsoft.PowerShell.Core\FileSystem","False","-a----","ApiFieldError","System.Collections.Generic.List`1[System.String]",,"ApiFieldError.class","C:\Users\pavel\Techin kontrolinis\WorkSite-Work-and-Construction-Time-Management-System\target\classes\online\nonamelab\WorkSite\exception\ApiFieldError.class",,"True",,".class","5/2/2026 3:41:08 PM","5/2/2026 12:41:08 PM","5/3/2026 7:43:19 AM","5/3/2026 4:43:19 AM","5/2/2026 3:41:08 PM","5/2/2026 12:41:08 PM","Archive"
"Microsoft.PowerShell.Core\FileSystem::C:\Users\pavel\Techin kontrolinis\WorkSite-Work-and-Construction-Time-Management-System\target\classes\online\nonamelab\WorkSite\exception\BusinessException.class","Microsoft.PowerShell.Core\FileSystem::C:\Users\pavel\Techin kontrolinis\WorkSite-Work-and-Construction-Time-Management-System\target\classes\online\nonamelab\WorkSite\exception","BusinessException.class","C","Microsoft.PowerShell.Core\FileSystem","False","-a----","BusinessException","System.Collections.Generic.List`1[System.String]",,"BusinessException.class","C:\Users\pavel\Techin kontrolinis\WorkSite-Work-and-Construction-Time-Management-System\target\classes\online\nonamelab\WorkSite\exception\BusinessException.class",,"True",,".class","5/2/2026 3:41:08 PM","5/2/2026 12:41:08 PM","5/3/2026 7:43:17 AM","5/3/2026 4:43:17 AM","5/2/2026 3:41:08 PM","5/2/2026 12:41:08 PM","Archive"
"Microsoft.PowerShell.Core\FileSystem::C:\Users\pavel\Techin kontrolinis\WorkSite-Work-and-Construction-Time-Management-System\target\classes\online\nonamelab\WorkSite\exception\GlobalExceptionHandler.class","Microsoft.PowerShell.Core\FileSystem::C:\Users\pavel\Techin kontrolinis\WorkSite-Work-and-Construction-Time-Management-System\target\classes\online\nonamelab\WorkSite\exception","GlobalExceptionHandler.class","C","Microsoft.PowerShell.Core\FileSystem","False","-a----","GlobalExceptionHandler","System.Collections.Generic.List`1[System.String]",,"GlobalExceptionHandler.class","C:\Users\pavel\Techin kontrolinis\WorkSite-Work-and-Construction-Time-Management-System\target\classes\online\nonamelab\WorkSite\exception\GlobalExceptionHandler.class",,"True",,".class","5/2/2026 3:41:08 PM","5/2/2026 12:41:08 PM","5/3/2026 7:43:19 AM","5/3/2026 4:43:19 AM","5/2/2026 3:41:08 PM","5/2/2026 12:41:08 PM","Archive"
"Microsoft.PowerShell.Core\FileSystem::C:\Users\pavel\Techin kontrolinis\WorkSite-Work-and-Construction-Time-Management-System\target\classes\online\nonamelab\WorkSite\exception\InvalidCredentialsException.class","Microsoft.PowerShell.Core\FileSystem::C:\Users\pavel\Techin kontrolinis\WorkSite-Work-and-Construction-Time-Management-System\target\classes\online\nonamelab\WorkSite\exception","InvalidCredentialsException.class","C","Microsoft.PowerShell.Core\FileSystem","False","-a----","InvalidCredentialsException","System.Collections.Generic.List`1[System.String]",,"InvalidCredentialsException.class","C:\Users\pavel\Techin kontrolinis\WorkSite-Work-and-Construction-Time-Management-System\target\classes\online\nonamelab\WorkSite\exception\InvalidCredentialsException.class",,"True",,".class","5/2/2026 3:41:08 PM","5/2/2026 12:41:08 PM","5/3/2026 7:43:19 AM","5/3/2026 4:43:19 AM","5/2/2026 3:41:08 PM","5/2/2026 12:41:08 PM","Archive"
"Microsoft.PowerShell.Core\FileSystem::C:\Users\pavel\Techin kontrolinis\WorkSite-Work-and-Construction-Time-Management-System\target\classes\online\nonamelab\WorkSite\exception\ValidationError.class","Microsoft.PowerShell.Core\FileSystem::C:\Users\pavel\Techin kontrolinis\WorkSite-Work-and-Construction-Time-Management-System\target\classes\online\nonamelab\WorkSite\exception","ValidationError.class","C","Microsoft.PowerShell.Core\FileSystem","False","-a----","ValidationError","System.Collections.Generic.List`1[System.String]",,"ValidationError.class","C:\Users\pavel\Techin kontrolinis\WorkSite-Work-and-Construction-Time-Management-System\target\classes\online\nonamelab\WorkSite\exception\ValidationError.class",,"True",,".class","5/2/2026 3:41:08 PM","5/2/2026 12:41:08 PM","5/3/2026 7:43:19 AM","5/3/2026 4:43:19 AM","5/2/2026 3:41:08 PM","5/2/2026 12:41:08 PM","Archive"
"Microsoft.PowerShell.Core\FileSystem::C:\Users\pavel\Techin kontrolinis\WorkSite-Work-and-Construction-Time-Management-System\target\classes\online\nonamelab\WorkSite\exception\core\NotFoundException.class","Microsoft.PowerShell.Core\FileSystem::C:\Users\pavel\Techin kontrolinis\WorkSite-Work-and-Construction-Time-Management-System\target\classes\online\nonamelab\WorkSite\exception\core","NotFoundException.class","C","Microsoft.PowerShell.Core\FileSystem","False","-a----","NotFoundException","System.Collections.Generic.List`1[System.String]",,"NotFoundException.class","C:\Users\pavel\Techin kontrolinis\WorkSite-Work-and-Construction-Time-Management-System\target\classes\online\nonamelab\WorkSite\exception\core\NotFoundException.class",,"True",,".class","5/2/2026 3:41:08 PM","5/2/2026 12:41:08 PM","5/3/2026 7:43:17 AM","5/3/2026 4:43:17 AM","5/2/2026 3:41:08 PM","5/2/2026 12:41:08 PM","Archive"
"Microsoft.PowerShell.Core\FileSystem::C:\Users\pavel\Techin kontrolinis\WorkSite-Work-and-Construction-Time-Management-System\target\classes\online\nonamelab\WorkSite\exception\site\SiteNotFoundException.class","Microsoft.PowerShell.Core\FileSystem::C:\Users\pavel\Techin kontrolinis\WorkSite-Work-and-Construction-Time-Management-System\target\classes\online\nonamelab\WorkSite\exception\site","SiteNotFoundException.class","C","Microsoft.PowerShell.Core\FileSystem","False","-a----","SiteNotFoundException","System.Collections.Generic.List`1[System.String]",,"SiteNotFoundException.class","C:\Users\pavel\Techin kontrolinis\WorkSite-Work-and-Construction-Time-Management-System\target\classes\online\nonamelab\WorkSite\exception\site\SiteNotFoundException.class",,"True",,".class","5/2/2026 3:41:08 PM","5/2/2026 12:41:08 PM","5/3/2026 7:43:17 AM","5/3/2026 4:43:17 AM","5/2/2026 3:41:08 PM","5/2/2026 12:41:08 PM","Archive"
"Microsoft.PowerShell.Core\FileSystem::C:\Users\pavel\Techin kontrolinis\WorkSite-Work-and-Construction-Time-Management-System\target\classes\online\nonamelab\WorkSite\exception\user\DuplicateEmailException.class","Microsoft.PowerShell.Core\FileSystem::C:\Users\pavel\Techin kontrolinis\WorkSite-Work-and-Construction-Time-Management-System\target\classes\online\nonamelab\WorkSite\exception\user","DuplicateEmailException.class","C","Microsoft.PowerShell.Core\FileSystem","False","-a----","DuplicateEmailException","System.Collections.Generic.List`1[System.String]",,"DuplicateEmailException.class","C:\Users\pavel\Techin kontrolinis\WorkSite-Work-and-Construction-Time-Management-System\target\classes\online\nonamelab\WorkSite\exception\user\DuplicateEmailException.class",,"True",,".class","5/2/2026 3:41:08 PM","5/2/2026 12:41:08 PM","5/3/2026 7:43:19 AM","5/3/2026 4:43:19 AM","5/2/2026 3:41:08 PM","5/2/2026 12:41:08 PM","Archive"
"Microsoft.PowerShell.Core\FileSystem::C:\Users\pavel\Techin kontrolinis\WorkSite-Work-and-Construction-Time-Management-System\target\classes\online\nonamelab\WorkSite\exception\user\InvalidRoleException.class","Microsoft.PowerShell.Core\FileSystem::C:\Users\pavel\Techin kontrolinis\WorkSite-Work-and-Construction-Time-Management-System\target\classes\online\nonamelab\WorkSite\exception\user","InvalidRoleException.class","C","Microsoft.PowerShell.Core\FileSystem","False","-a----","InvalidRoleException","System.Collections.Generic.List`1[System.String]",,"InvalidRoleException.class","C:\Users\pavel\Techin kontrolinis\WorkSite-Work-and-Construction-Time-Management-System\target\classes\online\nonamelab\WorkSite\exception\user\InvalidRoleException.class",,"True",,".class","5/2/2026 3:41:08 PM","5/2/2026 12:41:08 PM","5/3/2026 7:43:19 AM","5/3/2026 4:43:19 AM","5/2/2026 3:41:08 PM","5/2/2026 12:41:08 PM","Archive"
"Microsoft.PowerShell.Core\FileSystem::C:\Users\pavel\Techin kontrolinis\WorkSite-Work-and-Construction-Time-Management-System\target\classes\online\nonamelab\WorkSite\exception\user\UserNotFoundException.class","Microsoft.PowerShell.Core\FileSystem::C:\Users\pavel\Techin kontrolinis\WorkSite-Work-and-Construction-Time-Management-System\target\classes\online\nonamelab\WorkSite\exception\user","UserNotFoundException.class","C","Microsoft.PowerShell.Core\FileSystem","False","-a----","UserNotFoundException","System.Collections.Generic.List`1[System.String]",,"UserNotFoundException.class","C:\Users\pavel\Techin kontrolinis\WorkSite-Work-and-Construction-Time-Management-System\target\classes\online\nonamelab\WorkSite\exception\user\UserNotFoundException.class",,"True",,".class","5/2/2026 3:41:08 PM","5/2/2026 12:41:08 PM","5/3/2026 7:43:19 AM","5/3/2026 4:43:19 AM","5/2/2026 3:41:08 PM","5/2/2026 12:41:08 PM","Archive"
"Microsoft.PowerShell.Core\FileSystem::C:\Users\pavel\Techin kontrolinis\WorkSite-Work-and-Construction-Time-Management-System\target\classes\online\nonamelab\WorkSite\model\ConstructionSite.class","Microsoft.PowerShell.Core\FileSystem::C:\Users\pavel\Techin kontrolinis\WorkSite-Work-and-Construction-Time-Management-System\target\classes\online\nonamelab\WorkSite\model","ConstructionSite.class","C","Microsoft.PowerShell.Core\FileSystem","False","-a----","ConstructionSite","System.Collections.Generic.List`1[System.String]",,"ConstructionSite.class","C:\Users\pavel\Techin kontrolinis\WorkSite-Work-and-Construction-Time-Management-System\target\classes\online\nonamelab\WorkSite\model\ConstructionSite.class",,"True",,".class","5/2/2026 3:41:08 PM","5/2/2026 12:41:08 PM","5/3/2026 7:43:17 AM","5/3/2026 4:43:17 AM","5/2/2026 3:41:08 PM","5/2/2026 12:41:08 PM","Archive"
"Microsoft.PowerShell.Core\FileSystem::C:\Users\pavel\Techin kontrolinis\WorkSite-Work-and-Construction-Time-Management-System\target\classes\online\nonamelab\WorkSite\model\Priority.class","Microsoft.PowerShell.Core\FileSystem::C:\Users\pavel\Techin kontrolinis\WorkSite-Work-and-Construction-Time-Management-System\target\classes\online\nonamelab\WorkSite\model","Priority.class","C","Microsoft.PowerShell.Core\FileSystem","False","-a----","Priority","System.Collections.Generic.List`1[System.String]",,"Priority.class","C:\Users\pavel\Techin kontrolinis\WorkSite-Work-and-Construction-Time-Management-System\target\classes\online\nonamelab\WorkSite\model\Priority.class",,"True",,".class","5/2/2026 3:41:08 PM","5/2/2026 12:41:08 PM","5/3/2026 7:43:19 AM","5/3/2026 4:43:19 AM","5/2/2026 3:41:08 PM","5/2/2026 12:41:08 PM","Archive"
"Microsoft.PowerShell.Core\FileSystem::C:\Users\pavel\Techin kontrolinis\WorkSite-Work-and-Construction-Time-Management-System\target\classes\online\nonamelab\WorkSite\model\Role.class","Microsoft.PowerShell.Core\FileSystem::C:\Users\pavel\Techin kontrolinis\WorkSite-Work-and-Construction-Time-Management-System\target\classes\online\nonamelab\WorkSite\model","Role.class","C","Microsoft.PowerShell.Core\FileSystem","False","-a----","Role","System.Collections.Generic.List`1[System.String]",,"Role.class","C:\Users\pavel\Techin kontrolinis\WorkSite-Work-and-Construction-Time-Management-System\target\classes\online\nonamelab\WorkSite\model\Role.class",,"True",,".class","5/2/2026 3:41:08 PM","5/2/2026 12:41:08 PM","5/3/2026 7:43:19 AM","5/3/2026 4:43:19 AM","5/2/2026 3:41:08 PM","5/2/2026 12:41:08 PM","Archive"
"Microsoft.PowerShell.Core\FileSystem::C:\Users\pavel\Techin kontrolinis\WorkSite-Work-and-Construction-Time-Management-System\target\classes\online\nonamelab\WorkSite\model\SiteStatus.class","Microsoft.PowerShell.Core\FileSystem::C:\Users\pavel\Techin kontrolinis\WorkSite-Work-and-Construction-Time-Management-System\target\classes\online\nonamelab\WorkSite\model","SiteStatus.class","C","Microsoft.PowerShell.Core\FileSystem","False","-a----","SiteStatus","System.Collections.Generic.List`1[System.String]",,"SiteStatus.class","C:\Users\pavel\Techin kontrolinis\WorkSite-Work-and-Construction-Time-Management-System\target\classes\online\nonamelab\WorkSite\model\SiteStatus.class",,"True",,".class","5/2/2026 3:41:08 PM","5/2/2026 12:41:08 PM","5/3/2026 7:43:19 AM","5/3/2026 4:43:19 AM","5/2/2026 3:41:08 PM","5/2/2026 12:41:08 PM","Archive"
"Microsoft.PowerShell.Core\FileSystem::C:\Users\pavel\Techin kontrolinis\WorkSite-Work-and-Construction-Time-Management-System\target\classes\online\nonamelab\WorkSite\model\TimeEntry.class","Microsoft.PowerShell.Core\FileSystem::C:\Users\pavel\Techin kontrolinis\WorkSite-Work-and-Construction-Time-Management-System\target\classes\online\nonamelab\WorkSite\model","TimeEntry.class","C","Microsoft.PowerShell.Core\FileSystem","False","-a----","TimeEntry","System.Collections.Generic.List`1[System.String]",,"TimeEntry.class","C:\Users\pavel\Techin kontrolinis\WorkSite-Work-and-Construction-Time-Management-System\target\classes\online\nonamelab\WorkSite\model\TimeEntry.class",,"True",,".class","5/2/2026 6:02:03 PM","5/2/2026 3:02:03 PM","5/3/2026 7:43:17 AM","5/3/2026 4:43:17 AM","5/2/2026 6:02:03 PM","5/2/2026 3:02:03 PM","Archive"
"Microsoft.PowerShell.Core\FileSystem::C:\Users\pavel\Techin kontrolinis\WorkSite-Work-and-Construction-Time-Management-System\target\classes\online\nonamelab\WorkSite\model\TimeEntryProject.class","Microsoft.PowerShell.Core\FileSystem::C:\Users\pavel\Techin kontrolinis\WorkSite-Work-and-Construction-Time-Management-System\target\classes\online\nonamelab\WorkSite\model","TimeEntryProject.class","C","Microsoft.PowerShell.Core\FileSystem","False","-a----","TimeEntryProject","System.Collections.Generic.List`1[System.String]",,"TimeEntryProject.class","C:\Users\pavel\Techin kontrolinis\WorkSite-Work-and-Construction-Time-Management-System\target\classes\online\nonamelab\WorkSite\model\TimeEntryProject.class",,"True",,".class","5/2/2026 6:02:03 PM","5/2/2026 3:02:03 PM","5/3/2026 7:43:17 AM","5/3/2026 4:43:17 AM","5/2/2026 6:02:03 PM","5/2/2026 3:02:03 PM","Archive"
"Microsoft.PowerShell.Core\FileSystem::C:\Users\pavel\Techin kontrolinis\WorkSite-Work-and-Construction-Time-Management-System\target\classes\online\nonamelab\WorkSite\model\TimeEntryStatus.class","Microsoft.PowerShell.Core\FileSystem::C:\Users\pavel\Techin kontrolinis\WorkSite-Work-and-Construction-Time-Management-System\target\classes\online\nonamelab\WorkSite\model","TimeEntryStatus.class","C","Microsoft.PowerShell.Core\FileSystem","False","-a----","TimeEntryStatus","System.Collections.Generic.List`1[System.String]",,"TimeEntryStatus.class","C:\Users\pavel\Techin kontrolinis\WorkSite-Work-and-Construction-Time-Management-System\target\classes\online\nonamelab\WorkSite\model\TimeEntryStatus.class",,"True",,".class","5/2/2026 3:41:08 PM","5/2/2026 12:41:08 PM","5/3/2026 7:43:17 AM","5/3/2026 4:43:17 AM","5/2/2026 3:41:08 PM","5/2/2026 12:41:08 PM","Archive"
"Microsoft.PowerShell.Core\FileSystem::C:\Users\pavel\Techin kontrolinis\WorkSite-Work-and-Construction-Time-Management-System\target\classes\online\nonamelab\WorkSite\model\User.class","Microsoft.PowerShell.Core\FileSystem::C:\Users\pavel\Techin kontrolinis\WorkSite-Work-and-Construction-Time-Management-System\target\classes\online\nonamelab\WorkSite\model","User.class","C","Microsoft.PowerShell.Core\FileSystem","False","-a----","User","System.Collections.Generic.List`1[System.String]",,"User.class","C:\Users\pavel\Techin kontrolinis\WorkSite-Work-and-Construction-Time-Management-System\target\classes\online\nonamelab\WorkSite\model\User.class",,"True",,".class","5/2/2026 3:41:08 PM","5/2/2026 12:41:08 PM","5/3/2026 7:43:17 AM","5/3/2026 4:43:17 AM","5/2/2026 3:41:08 PM","5/2/2026 12:41:08 PM","Archive"
"Microsoft.PowerShell.Core\FileSystem::C:\Users\pavel\Techin kontrolinis\WorkSite-Work-and-Construction-Time-Management-System\target\classes\online\nonamelab\WorkSite\repository\ConstructionSiteRepository.class","Microsoft.PowerShell.Core\FileSystem::C:\Users\pavel\Techin kontrolinis\WorkSite-Work-and-Construction-Time-Management-System\target\classes\online\nonamelab\WorkSite\repository","ConstructionSiteRepository.class","C","Microsoft.PowerShell.Core\FileSystem","False","-a----","ConstructionSiteRepository","System.Collections.Generic.List`1[System.String]",,"ConstructionSiteRepository.class","C:\Users\pavel\Techin kontrolinis\WorkSite-Work-and-Construction-Time-Management-System\target\classes\online\nonamelab\WorkSite\repository\ConstructionSiteRepository.class",,"True",,".class","5/2/2026 3:41:08 PM","5/2/2026 12:41:08 PM","5/3/2026 7:43:17 AM","5/3/2026 4:43:17 AM","5/2/2026 3:41:08 PM","5/2/2026 12:41:08 PM","Archive"
"Microsoft.PowerShell.Core\FileSystem::C:\Users\pavel\Techin kontrolinis\WorkSite-Work-and-Construction-Time-Management-System\target\classes\online\nonamelab\WorkSite\repository\TimeEntryProjectRepository.class","Microsoft.PowerShell.Core\FileSystem::C:\Users\pavel\Techin kontrolinis\WorkSite-Work-and-Construction-Time-Management-System\target\classes\online\nonamelab\WorkSite\repository","TimeEntryProjectRepository.class","C","Microsoft.PowerShell.Core\FileSystem","False","-a----","TimeEntryProjectRepository","System.Collections.Generic.List`1[System.String]",,"TimeEntryProjectRepository.class","C:\Users\pavel\Techin kontrolinis\WorkSite-Work-and-Construction-Time-Management-System\target\classes\online\nonamelab\WorkSite\repository\TimeEntryProjectRepository.class",,"True",,".class","5/3/2026 7:43:17 AM","5/3/2026 4:43:17 AM","5/3/2026 7:43:17 AM","5/3/2026 4:43:17 AM","5/3/2026 7:43:17 AM","5/3/2026 4:43:17 AM","Archive"
"Microsoft.PowerShell.Core\FileSystem::C:\Users\pavel\Techin kontrolinis\WorkSite-Work-and-Construction-Time-Management-System\target\classes\online\nonamelab\WorkSite\repository\TimeEntryRepository.class","Microsoft.PowerShell.Core\FileSystem::C:\Users\pavel\Techin kontrolinis\WorkSite-Work-and-Construction-Time-Management-System\target\classes\online\nonamelab\WorkSite\repository","TimeEntryRepository.class","C","Microsoft.PowerShell.Core\FileSystem","False","-a----","TimeEntryRepository","System.Collections.Generic.List`1[System.String]",,"TimeEntryRepository.class","C:\Users\pavel\Techin kontrolinis\WorkSite-Work-and-Construction-Time-Management-System\target\classes\online\nonamelab\WorkSite\repository\TimeEntryRepository.class",,"True",,".class","5/2/2026 3:41:08 PM","5/2/2026 12:41:08 PM","5/3/2026 7:43:17 AM","5/3/2026 4:43:17 AM","5/3/2026 7:43:17 AM","5/3/2026 4:43:17 AM","Archive"
"Microsoft.PowerShell.Core\FileSystem::C:\Users\pavel\Techin kontrolinis\WorkSite-Work-and-Construction-Time-Management-System\target\classes\online\nonamelab\WorkSite\repository\UserRepository.class","Microsoft.PowerShell.Core\FileSystem::C:\Users\pavel\Techin kontrolinis\WorkSite-Work-and-Construction-Time-Management-System\target\classes\online\nonamelab\WorkSite\repository","UserRepository.class","C","Microsoft.PowerShell.Core\FileSystem","False","-a----","UserRepository","System.Collections.Generic.List`1[System.String]",,"UserRepository.class","C:\Users\pavel\Techin kontrolinis\WorkSite-Work-and-Construction-Time-Management-System\target\classes\online\nonamelab\WorkSite\repository\UserRepository.class",,"True",,".class","5/2/2026 3:41:08 PM","5/2/2026 12:41:08 PM","5/3/2026 7:43:17 AM","5/3/2026 4:43:17 AM","5/2/2026 3:41:08 PM","5/2/2026 12:41:08 PM","Archive"
"Microsoft.PowerShell.Core\FileSystem::C:\Users\pavel\Techin kontrolinis\WorkSite-Work-and-Construction-Time-Management-System\target\classes\online\nonamelab\WorkSite\security\CustomAccessDeniedHandler.class","Microsoft.PowerShell.Core\FileSystem::C:\Users\pavel\Techin kontrolinis\WorkSite-Work-and-Construction-Time-Management-System\target\classes\online\nonamelab\WorkSite\security","CustomAccessDeniedHandler.class","C","Microsoft.PowerShell.Core\FileSystem","False","-a----","CustomAccessDeniedHandler","System.Collections.Generic.List`1[System.String]",,"CustomAccessDeniedHandler.class","C:\Users\pavel\Techin kontrolinis\WorkSite-Work-and-Construction-Time-Management-System\target\classes\online\nonamelab\WorkSite\security\CustomAccessDeniedHandler.class",,"True",,".class","5/2/2026 3:41:08 PM","5/2/2026 12:41:08 PM","5/3/2026 7:43:19 AM","5/3/2026 4:43:19 AM","5/2/2026 3:41:08 PM","5/2/2026 12:41:08 PM","Archive"
"Microsoft.PowerShell.Core\FileSystem::C:\Users\pavel\Techin kontrolinis\WorkSite-Work-and-Construction-Time-Management-System\target\classes\online\nonamelab\WorkSite\security\CustomAuthenticationEntryPoint.class","Microsoft.PowerShell.Core\FileSystem::C:\Users\pavel\Techin kontrolinis\WorkSite-Work-and-Construction-Time-Management-System\target\classes\online\nonamelab\WorkSite\security","CustomAuthenticationEntryPoint.class","C","Microsoft.PowerShell.Core\FileSystem","False","-a----","CustomAuthenticationEntryPoint","System.Collections.Generic.List`1[System.String]",,"CustomAuthenticationEntryPoint.class","C:\Users\pavel\Techin kontrolinis\WorkSite-Work-and-Construction-Time-Management-System\target\classes\online\nonamelab\WorkSite\security\CustomAuthenticationEntryPoint.class",,"True",,".class","5/2/2026 3:41:08 PM","5/2/2026 12:41:08 PM","5/3/2026 7:43:19 AM","5/3/2026 4:43:19 AM","5/2/2026 3:41:08 PM","5/2/2026 12:41:08 PM","Archive"
"Microsoft.PowerShell.Core\FileSystem::C:\Users\pavel\Techin kontrolinis\WorkSite-Work-and-Construction-Time-Management-System\target\classes\online\nonamelab\WorkSite\security\CustomUserDetailsService.class","Microsoft.PowerShell.Core\FileSystem::C:\Users\pavel\Techin kontrolinis\WorkSite-Work-and-Construction-Time-Management-System\target\classes\online\nonamelab\WorkSite\security","CustomUserDetailsService.class","C","Microsoft.PowerShell.Core\FileSystem","False","-a----","CustomUserDetailsService","System.Collections.Generic.List`1[System.String]",,"CustomUserDetailsService.class","C:\Users\pavel\Techin kontrolinis\WorkSite-Work-and-Construction-Time-Management-System\target\classes\online\nonamelab\WorkSite\security\CustomUserDetailsService.class",,"True",,".class","5/2/2026 3:41:08 PM","5/2/2026 12:41:08 PM","5/3/2026 7:43:19 AM","5/3/2026 4:43:19 AM","5/2/2026 3:41:08 PM","5/2/2026 12:41:08 PM","Archive"
"Microsoft.PowerShell.Core\FileSystem::C:\Users\pavel\Techin kontrolinis\WorkSite-Work-and-Construction-Time-Management-System\target\classes\online\nonamelab\WorkSite\security\JwtAuthenticationFilter.class","Microsoft.PowerShell.Core\FileSystem::C:\Users\pavel\Techin kontrolinis\WorkSite-Work-and-Construction-Time-Management-System\target\classes\online\nonamelab\WorkSite\security","JwtAuthenticationFilter.class","C","Microsoft.PowerShell.Core\FileSystem","False","-a----","JwtAuthenticationFilter","System.Collections.Generic.List`1[System.String]",,"JwtAuthenticationFilter.class","C:\Users\pavel\Techin kontrolinis\WorkSite-Work-and-Construction-Time-Management-System\target\classes\online\nonamelab\WorkSite\security\JwtAuthenticationFilter.class",,"True",,".class","5/2/2026 3:41:08 PM","5/2/2026 12:41:08 PM","5/3/2026 7:43:19 AM","5/3/2026 4:43:19 AM","5/2/2026 3:41:08 PM","5/2/2026 12:41:08 PM","Archive"
"Microsoft.PowerShell.Core\FileSystem::C:\Users\pavel\Techin kontrolinis\WorkSite-Work-and-Construction-Time-Management-System\target\classes\online\nonamelab\WorkSite\security\JwtAuthEntryPoint.class","Microsoft.PowerShell.Core\FileSystem::C:\Users\pavel\Techin kontrolinis\WorkSite-Work-and-Construction-Time-Management-System\target\classes\online\nonamelab\WorkSite\security","JwtAuthEntryPoint.class","C","Microsoft.PowerShell.Core\FileSystem","False","-a----","JwtAuthEntryPoint","System.Collections.Generic.List`1[System.String]",,"JwtAuthEntryPoint.class","C:\Users\pavel\Techin kontrolinis\WorkSite-Work-and-Construction-Time-Management-System\target\classes\online\nonamelab\WorkSite\security\JwtAuthEntryPoint.class",,"True",,".class","5/2/2026 3:41:08 PM","5/2/2026 12:41:08 PM","5/3/2026 7:43:19 AM","5/3/2026 4:43:19 AM","5/2/2026 3:41:08 PM","5/2/2026 12:41:08 PM","Archive"
"Microsoft.PowerShell.Core\FileSystem::C:\Users\pavel\Techin kontrolinis\WorkSite-Work-and-Construction-Time-Management-System\target\classes\online\nonamelab\WorkSite\security\JwtService.class","Microsoft.PowerShell.Core\FileSystem::C:\Users\pavel\Techin kontrolinis\WorkSite-Work-and-Construction-Time-Management-System\target\classes\online\nonamelab\WorkSite\security","JwtService.class","C","Microsoft.PowerShell.Core\FileSystem","False","-a----","JwtService","System.Collections.Generic.List`1[System.String]",,"JwtService.class","C:\Users\pavel\Techin kontrolinis\WorkSite-Work-and-Construction-Time-Management-System\target\classes\online\nonamelab\WorkSite\security\JwtService.class",,"True",,".class","5/2/2026 3:41:08 PM","5/2/2026 12:41:08 PM","5/3/2026 7:43:19 AM","5/3/2026 4:43:19 AM","5/2/2026 3:41:08 PM","5/2/2026 12:41:08 PM","Archive"
"Microsoft.PowerShell.Core\FileSystem::C:\Users\pavel\Techin kontrolinis\WorkSite-Work-and-Construction-Time-Management-System\target\classes\online\nonamelab\WorkSite\security\SecurityUtils.class","Microsoft.PowerShell.Core\FileSystem::C:\Users\pavel\Techin kontrolinis\WorkSite-Work-and-Construction-Time-Management-System\target\classes\online\nonamelab\WorkSite\security","SecurityUtils.class","C","Microsoft.PowerShell.Core\FileSystem","False","-a----","SecurityUtils","System.Collections.Generic.List`1[System.String]",,"SecurityUtils.class","C:\Users\pavel\Techin kontrolinis\WorkSite-Work-and-Construction-Time-Management-System\target\classes\online\nonamelab\WorkSite\security\SecurityUtils.class",,"True",,".class","5/2/2026 3:41:08 PM","5/2/2026 12:41:08 PM","5/3/2026 7:43:17 AM","5/3/2026 4:43:17 AM","5/2/2026 3:41:08 PM","5/2/2026 12:41:08 PM","Archive"
"Microsoft.PowerShell.Core\FileSystem::C:\Users\pavel\Techin kontrolinis\WorkSite-Work-and-Construction-Time-Management-System\target\classes\online\nonamelab\WorkSite\security\UserPrincipal.class","Microsoft.PowerShell.Core\FileSystem::C:\Users\pavel\Techin kontrolinis\WorkSite-Work-and-Construction-Time-Management-System\target\classes\online\nonamelab\WorkSite\security","UserPrincipal.class","C","Microsoft.PowerShell.Core\FileSystem","False","-a----","UserPrincipal","System.Collections.Generic.List`1[System.String]",,"UserPrincipal.class","C:\Users\pavel\Techin kontrolinis\WorkSite-Work-and-Construction-Time-Management-System\target\classes\online\nonamelab\WorkSite\security\UserPrincipal.class",,"True",,".class","5/2/2026 3:41:08 PM","5/2/2026 12:41:08 PM","5/3/2026 7:43:17 AM","5/3/2026 4:43:17 AM","5/2/2026 3:41:08 PM","5/2/2026 12:41:08 PM","Archive"
"Microsoft.PowerShell.Core\FileSystem::C:\Users\pavel\Techin kontrolinis\WorkSite-Work-and-Construction-Time-Management-System\target\classes\online\nonamelab\WorkSite\service\AuthService.class","Microsoft.PowerShell.Core\FileSystem::C:\Users\pavel\Techin kontrolinis\WorkSite-Work-and-Construction-Time-Management-System\target\classes\online\nonamelab\WorkSite\service","AuthService.class","C","Microsoft.PowerShell.Core\FileSystem","False","-a----","AuthService","System.Collections.Generic.List`1[System.String]",,"AuthService.class","C:\Users\pavel\Techin kontrolinis\WorkSite-Work-and-Construction-Time-Management-System\target\classes\online\nonamelab\WorkSite\service\AuthService.class",,"True",,".class","5/2/2026 3:41:08 PM","5/2/2026 12:41:08 PM","5/3/2026 7:43:19 AM","5/3/2026 4:43:19 AM","5/2/2026 3:41:08 PM","5/2/2026 12:41:08 PM","Archive"
"Microsoft.PowerShell.Core\FileSystem::C:\Users\pavel\Techin kontrolinis\WorkSite-Work-and-Construction-Time-Management-System\target\classes\online\nonamelab\WorkSite\service\ConstructionSiteService.class","Microsoft.PowerShell.Core\FileSystem::C:\Users\pavel\Techin kontrolinis\WorkSite-Work-and-Construction-Time-Management-System\target\classes\online\nonamelab\WorkSite\service","ConstructionSiteService.class","C","Microsoft.PowerShell.Core\FileSystem","False","-a----","ConstructionSiteService","System.Collections.Generic.List`1[System.String]",,"ConstructionSiteService.class","C:\Users\pavel\Techin kontrolinis\WorkSite-Work-and-Construction-Time-Management-System\target\classes\online\nonamelab\WorkSite\service\ConstructionSiteService.class",,"True",,".class","5/2/2026 3:41:08 PM","5/2/2026 12:41:08 PM","5/3/2026 7:43:19 AM","5/3/2026 4:43:19 AM","5/2/2026 3:41:08 PM","5/2/2026 12:41:08 PM","Archive"
"Microsoft.PowerShell.Core\FileSystem::C:\Users\pavel\Techin kontrolinis\WorkSite-Work-and-Construction-Time-Management-System\target\classes\online\nonamelab\WorkSite\service\ConstructionSiteServiceImpl.class","Microsoft.PowerShell.Core\FileSystem::C:\Users\pavel\Techin kontrolinis\WorkSite-Work-and-Construction-Time-Management-System\target\classes\online\nonamelab\WorkSite\service","ConstructionSiteServiceImpl.class","C","Microsoft.PowerShell.Core\FileSystem","False","-a----","ConstructionSiteServiceImpl","System.Collections.Generic.List`1[System.String]",,"ConstructionSiteServiceImpl.class","C:\Users\pavel\Techin kontrolinis\WorkSite-Work-and-Construction-Time-Management-System\target\classes\online\nonamelab\WorkSite\service\ConstructionSiteServiceImpl.class",,"True",,".class","5/2/2026 3:41:08 PM","5/2/2026 12:41:08 PM","5/3/2026 7:43:19 AM","5/3/2026 4:43:19 AM","5/2/2026 3:41:08 PM","5/2/2026 12:41:08 PM","Archive"
"Microsoft.PowerShell.Core\FileSystem::C:\Users\pavel\Techin kontrolinis\WorkSite-Work-and-Construction-Time-Management-System\target\classes\online\nonamelab\WorkSite\service\TimeEntryProjectService.class","Microsoft.PowerShell.Core\FileSystem::C:\Users\pavel\Techin kontrolinis\WorkSite-Work-and-Construction-Time-Management-System\target\classes\online\nonamelab\WorkSite\service","TimeEntryProjectService.class","C","Microsoft.PowerShell.Core\FileSystem","False","-a----","TimeEntryProjectService","System.Collections.Generic.List`1[System.String]",,"TimeEntryProjectService.class","C:\Users\pavel\Techin kontrolinis\WorkSite-Work-and-Construction-Time-Management-System\target\classes\online\nonamelab\WorkSite\service\TimeEntryProjectService.class",,"True",,".class","5/2/2026 6:02:03 PM","5/2/2026 3:02:03 PM","5/3/2026 7:43:19 AM","5/3/2026 4:43:19 AM","5/2/2026 6:02:03 PM","5/2/2026 3:02:03 PM","Archive"
"Microsoft.PowerShell.Core\FileSystem::C:\Users\pavel\Techin kontrolinis\WorkSite-Work-and-Construction-Time-Management-System\target\classes\online\nonamelab\WorkSite\service\TimeEntryService.class","Microsoft.PowerShell.Core\FileSystem::C:\Users\pavel\Techin kontrolinis\WorkSite-Work-and-Construction-Time-Management-System\target\classes\online\nonamelab\WorkSite\service","TimeEntryService.class","C","Microsoft.PowerShell.Core\FileSystem","False","-a----","TimeEntryService","System.Collections.Generic.List`1[System.String]",,"TimeEntryService.class","C:\Users\pavel\Techin kontrolinis\WorkSite-Work-and-Construction-Time-Management-System\target\classes\online\nonamelab\WorkSite\service\TimeEntryService.class",,"True",,".class","5/2/2026 6:02:03 PM","5/2/2026 3:02:03 PM","5/3/2026 7:43:17 AM","5/3/2026 4:43:17 AM","5/3/2026 7:43:17 AM","5/3/2026 4:43:17 AM","Archive"
"Microsoft.PowerShell.Core\FileSystem::C:\Users\pavel\Techin kontrolinis\WorkSite-Work-and-Construction-Time-Management-System\target\classes\online\nonamelab\WorkSite\service\TimeEntryServiceImpl.class","Microsoft.PowerShell.Core\FileSystem::C:\Users\pavel\Techin kontrolinis\WorkSite-Work-and-Construction-Time-Management-System\target\classes\online\nonamelab\WorkSite\service","TimeEntryServiceImpl.class","C","Microsoft.PowerShell.Core\FileSystem","False","-a----","TimeEntryServiceImpl","System.Collections.Generic.List`1[System.String]",,"TimeEntryServiceImpl.class","C:\Users\pavel\Techin kontrolinis\WorkSite-Work-and-Construction-Time-Management-System\target\classes\online\nonamelab\WorkSite\service\TimeEntryServiceImpl.class",,"True",,".class","5/3/2026 7:43:17 AM","5/3/2026 4:43:17 AM","5/3/2026 7:43:17 AM","5/3/2026 4:43:17 AM","5/3/2026 7:43:17 AM","5/3/2026 4:43:17 AM","Archive"
"Microsoft.PowerShell.Core\FileSystem::C:\Users\pavel\Techin kontrolinis\WorkSite-Work-and-Construction-Time-Management-System\target\classes\online\nonamelab\WorkSite\service\UserService.class","Microsoft.PowerShell.Core\FileSystem::C:\Users\pavel\Techin kontrolinis\WorkSite-Work-and-Construction-Time-Management-System\target\classes\online\nonamelab\WorkSite\service","UserService.class","C","Microsoft.PowerShell.Core\FileSystem","False","-a----","UserService","System.Collections.Generic.List`1[System.String]",,"UserService.class","C:\Users\pavel\Techin kontrolinis\WorkSite-Work-and-Construction-Time-Management-System\target\classes\online\nonamelab\WorkSite\service\UserService.class",,"True",,".class","5/2/2026 3:41:08 PM","5/2/2026 12:41:08 PM","5/3/2026 7:43:19 AM","5/3/2026 4:43:19 AM","5/2/2026 3:41:08 PM","5/2/2026 12:41:08 PM","Archive"
"Microsoft.PowerShell.Core\FileSystem::C:\Users\pavel\Techin kontrolinis\WorkSite-Work-and-Construction-Time-Management-System\target\classes\online\nonamelab\WorkSite\service\UserServiceImpl.class","Microsoft.PowerShell.Core\FileSystem::C:\Users\pavel\Techin kontrolinis\WorkSite-Work-and-Construction-Time-Management-System\target\classes\online\nonamelab\WorkSite\service","UserServiceImpl.class","C","Microsoft.PowerShell.Core\FileSystem","False","-a----","UserServiceImpl","System.Collections.Generic.List`1[System.String]",,"UserServiceImpl.class","C:\Users\pavel\Techin kontrolinis\WorkSite-Work-and-Construction-Time-Management-System\target\classes\online\nonamelab\WorkSite\service\UserServiceImpl.class",,"True",,".class","5/2/2026 3:41:08 PM","5/2/2026 12:41:08 PM","5/3/2026 7:43:19 AM","5/3/2026 4:43:19 AM","5/2/2026 3:41:08 PM","5/2/2026 12:41:08 PM","Archive"
"Microsoft.PowerShell.Core\FileSystem::C:\Users\pavel\Techin kontrolinis\WorkSite-Work-and-Construction-Time-Management-System\target\generated-sources\annotations","Microsoft.PowerShell.Core\FileSystem::C:\Users\pavel\Techin kontrolinis\WorkSite-Work-and-Construction-Time-Management-System\target\generated-sources","annotations","C","Microsoft.PowerShell.Core\FileSystem","True","d-----","annotations","System.Collections.Generic.List`1[System.String]",,"annotations","C:\Users\pavel\Techin kontrolinis\WorkSite-Work-and-Construction-Time-Management-System\target\generated-sources\annotations","generated-sources","True","C:\","","4/28/2026 4:34:27 PM","4/28/2026 1:34:27 PM","5/3/2026 5:15:14 PM","5/3/2026 2:15:14 PM","4/28/2026 4:34:27 PM","4/28/2026 1:34:27 PM","Directory"
"Microsoft.PowerShell.Core\FileSystem::C:\Users\pavel\Techin kontrolinis\WorkSite-Work-and-Construction-Time-Management-System\target\generated-test-sources\test-annotations","Microsoft.PowerShell.Core\FileSystem::C:\Users\pavel\Techin kontrolinis\WorkSite-Work-and-Construction-Time-Management-System\target\generated-test-sources","test-annotations","C","Microsoft.PowerShell.Core\FileSystem","True","d-----","test-annotations","System.Collections.Generic.List`1[System.String]",,"test-annotations","C:\Users\pavel\Techin kontrolinis\WorkSite-Work-and-Construction-Time-Management-System\target\generated-test-sources\test-annotations","generated-test-sources","True","C:\","","5/2/2026 3:41:08 PM","5/2/2026 12:41:08 PM","5/3/2026 5:15:14 PM","5/3/2026 2:15:14 PM","5/2/2026 3:41:08 PM","5/2/2026 12:41:08 PM","Directory"
"Microsoft.PowerShell.Core\FileSystem::C:\Users\pavel\Techin kontrolinis\WorkSite-Work-and-Construction-Time-Management-System\target\test-classes\online","Microsoft.PowerShell.Core\FileSystem::C:\Users\pavel\Techin kontrolinis\WorkSite-Work-and-Construction-Time-Management-System\target\test-classes","online","C","Microsoft.PowerShell.Core\FileSystem","True","d-----","online","System.Collections.Generic.List`1[System.String]",,"online","C:\Users\pavel\Techin kontrolinis\WorkSite-Work-and-Construction-Time-Management-System\target\test-classes\online","test-classes","True","C:\","","5/2/2026 3:41:11 PM","5/2/2026 12:41:11 PM","5/3/2026 5:12:09 PM","5/3/2026 2:12:09 PM","5/2/2026 3:41:11 PM","5/2/2026 12:41:11 PM","Directory"
"Microsoft.PowerShell.Core\FileSystem::C:\Users\pavel\Techin kontrolinis\WorkSite-Work-and-Construction-Time-Management-System\target\test-classes\online\nonamelab","Microsoft.PowerShell.Core\FileSystem::C:\Users\pavel\Techin kontrolinis\WorkSite-Work-and-Construction-Time-Management-System\target\test-classes\online","nonamelab","C","Microsoft.PowerShell.Core\FileSystem","True","d-----","nonamelab","System.Collections.Generic.List`1[System.String]",,"nonamelab","C:\Users\pavel\Techin kontrolinis\WorkSite-Work-and-Construction-Time-Management-System\target\test-classes\online\nonamelab","online","True","C:\","","5/2/2026 3:41:11 PM","5/2/2026 12:41:11 PM","5/3/2026 5:12:09 PM","5/3/2026 2:12:09 PM","5/2/2026 3:41:11 PM","5/2/2026 12:41:11 PM","Directory"
"Microsoft.PowerShell.Core\FileSystem::C:\Users\pavel\Techin kontrolinis\WorkSite-Work-and-Construction-Time-Management-System\target\test-classes\online\nonamelab\WorkSite","Microsoft.PowerShell.Core\FileSystem::C:\Users\pavel\Techin kontrolinis\WorkSite-Work-and-Construction-Time-Management-System\target\test-classes\online\nonamelab","WorkSite","C","Microsoft.PowerShell.Core\FileSystem","True","d-----","WorkSite","System.Collections.Generic.List`1[System.String]",,"WorkSite","C:\Users\pavel\Techin kontrolinis\WorkSite-Work-and-Construction-Time-Management-System\target\test-classes\online\nonamelab\WorkSite","nonamelab","True","C:\","","5/2/2026 3:41:11 PM","5/2/2026 12:41:11 PM","5/3/2026 5:12:09 PM","5/3/2026 2:12:09 PM","5/2/2026 4:00:04 PM","5/2/2026 1:00:04 PM","Directory"
"Microsoft.PowerShell.Core\FileSystem::C:\Users\pavel\Techin kontrolinis\WorkSite-Work-and-Construction-Time-Management-System\target\test-classes\online\nonamelab\WorkSite\auth","Microsoft.PowerShell.Core\FileSystem::C:\Users\pavel\Techin kontrolinis\WorkSite-Work-and-Construction-Time-Management-System\target\test-classes\online\nonamelab\WorkSite","auth","C","Microsoft.PowerShell.Core\FileSystem","True","d-----","auth","System.Collections.Generic.List`1[System.String]",,"auth","C:\Users\pavel\Techin kontrolinis\WorkSite-Work-and-Construction-Time-Management-System\target\test-classes\online\nonamelab\WorkSite\auth","WorkSite","True","C:\","","5/2/2026 4:00:04 PM","5/2/2026 1:00:04 PM","5/3/2026 5:12:09 PM","5/3/2026 2:12:09 PM","5/2/2026 4:00:04 PM","5/2/2026 1:00:04 PM","Directory"
"Microsoft.PowerShell.Core\FileSystem::C:\Users\pavel\Techin kontrolinis\WorkSite-Work-and-Construction-Time-Management-System\target\test-classes\online\nonamelab\WorkSite\WorkSiteApplicationTests.class","Microsoft.PowerShell.Core\FileSystem::C:\Users\pavel\Techin kontrolinis\WorkSite-Work-and-Construction-Time-Management-System\target\test-classes\online\nonamelab\WorkSite","WorkSiteApplicationTests.class","C","Microsoft.PowerShell.Core\FileSystem","False","-a----","WorkSiteApplicationTests","System.Collections.Generic.List`1[System.String]",,"WorkSiteApplicationTests.class","C:\Users\pavel\Techin kontrolinis\WorkSite-Work-and-Construction-Time-Management-System\target\test-classes\online\nonamelab\WorkSite\WorkSiteApplicationTests.class",,"True",,".class","5/2/2026 3:41:11 PM","5/2/2026 12:41:11 PM","5/2/2026 3:41:11 PM","5/2/2026 12:41:11 PM","5/2/2026 3:41:11 PM","5/2/2026 12:41:11 PM","Archive"
"Microsoft.PowerShell.Core\FileSystem::C:\Users\pavel\Techin kontrolinis\WorkSite-Work-and-Construction-Time-Management-System\target\test-classes\online\nonamelab\WorkSite\auth\AuthApiTest.class","Microsoft.PowerShell.Core\FileSystem::C:\Users\pavel\Techin kontrolinis\WorkSite-Work-and-Construction-Time-Management-System\target\test-classes\online\nonamelab\WorkSite\auth","AuthApiTest.class","C","Microsoft.PowerShell.Core\FileSystem","False","-a----","AuthApiTest","System.Collections.Generic.List`1[System.String]",,"AuthApiTest.class","C:\Users\pavel\Techin kontrolinis\WorkSite-Work-and-Construction-Time-Management-System\target\test-classes\online\nonamelab\WorkSite\auth\AuthApiTest.class",,"True",,".class","5/2/2026 4:00:04 PM","5/2/2026 1:00:04 PM","5/2/2026 4:00:04 PM","5/2/2026 1:00:04 PM","5/2/2026 4:00:04 PM","5/2/2026 1:00:04 PM","Archive"
